Account info : TAG;Last inventory;Computer;Connected user;Operating system;RAM (MB);CPU (MHz);IP address;MAC address;Manufacturer;Model;Serial number
RECEPCAO;21/09/2021 09:24;CPN07JPRE;User A;Microsoft Windows 10 Pro;4096;3600;192.168.10.50;ce:16:4c:73:a9:a4;Lenovo;v1;123
PESQUISA;28/09/2021 07:31;CPN13TPCT;User B;Microsoft Windows 7 Professional;4096;2593;192.168.10.51;08:42:09:ad:83:6c;Dell;v2;321
CAIXA;07/10/2021 15:23;CPN02FPCX;User C;Microsoft Windows 10 Pro;3522;2095;192.168.10.52;d2:b9:8f:5a:3c:c8;HP;v3;456
AVALIADOR;09/10/2021 09:32;CPN02FPAV;User A;Microsoft Windows 7 Professional;4096;3400;192.168.10.53;58:f1:d2:8c:24:fe;Lenovo;v4;789
CONSORCIO;25/10/2021 16:10;CPN12JPVD;User B;Microsoft Windows 10 Pro;4096;3600;192.168.10.54;0b:d9:79:b2:d1:f7;Dell;v5;956
CONSULTOR TECNICO;03/11/2021 07:41;CPN09FPGR;User C;Microsoft Windows 8 Pro;4096;2603;192.168.10.55;7e:bf:da:e0:7d:e3;HP;v6;1169
OFICINA;10/11/2021 08:36;CPN02FPOF;User A;Microsoft Windows 7 Professional;3072;2700;192.168.10.56;19:a7:90:5c:54:d9;Lenovo;v7;1382
VENDAS;19/11/2021 06:49;CPN05FPVD;User B;Microsoft Windows 10 Pro;3522;2095;192.168.10.57;f1:1d:aa:a1:be:75;Dell;v8;1595
VENDAS;25/11/2021 08:44;CPN09FPVD;User A;Microsoft Windows 10 Pro;4096;3912;192.168.10.58;04:54:a2:3b:65:f4;HP;v9;1809
AGENDAMENTO;16/12/2021 09:56;CPN01FPAG;User A;Microsoft Windows 10 Pro;4096;3600;192.168.10.59;50:c6:a9:d0:13:cf;Lenovo;v10;2022
CAIXA;08/01/2022 11:25;CPN04JPREC;User B;Microsoft Windows 10 Pro;4096;3912;192.168.10.60;56:3d:38:c4:1b:bb;Dell;v11;2235
QUALIDADE;28/02/2022 08:17;CPN04JNQL;User C;Microsoft Windows 7 Home Premium;2940;2300;192.168.10.61;b3:6c:70:77:b9:1f;HP;v12;2449
SEGUROS;07/03/2022 17:37;CPN05FNSG;User A;Microsoft Windows 8.1 Single Language;6144;3300;192.168.10.62;79:40:87:70:ac:04;Lenovo;v13;2662
VENDAS;23/03/2022 12:23;CPN05FPVD;User B;Microsoft Windows 10 Pro;4096;3696;192.168.10.63;d0:91:ea:b0:a2:47;Dell;v14;2875
VENDAS;23/03/2022 17:30;CPN04JPVD;User C;Microsoft Windows 10 Pro;4096;3912;192.168.10.64;3f:13:29:f3:20:4d;HP;v15;3089
OFICINA;30/03/2022 12:27;CPN05FPCT;User A;Microsoft Windows 7 Home Basic;6144;3300;192.168.10.65;1b:6a:02:b9:74:63;Lenovo;v16;3302
GERENTE DE VENDAS;31/03/2022 10:03;CPN05NGV;User B;Microsoft Windows 8 Professional Edition;4096;2133;192.168.10.66;fd:28:d4:81:7a:27;Dell;v17;3515
VENDAS;01/04/2022 08:19;CPN05FPVD;User A;Microsoft Windows 10 Pro;4096;3696;192.168.10.67;24:c8:5a:5e:28:ae;HP;v18;3728
AVALIADOR;01/04/2022 10:53;CPN14JPAV;User A;Microsoft Windows 10 Pro;4096;3600;192.168.10.68;f6:ae:6d:a2:18:cc;Lenovo;v19;3942
OFICINA;01/04/2022 13:43;CPN05FPPC;User B;Microsoft Windows 8.1 Single Language;3488;3300;192.168.10.69;32:af:b6:af:a0:b2;Dell;v20;4155
CONSORCIO;01/04/2022 13:52;CPN00FN00;User C;Microsoft Windows 8.1 Single Language;2048;2268;192.168.10.70;1d:87:3b:9f:14:67;HP;v21;4368
GARANTIA;20/04/2022 09:55;CPN02FN00;User A;Microsoft Windows 10 Pro;4096;1190;192.168.10.71;4e:5a:0c:6a:9b:75;Lenovo;v22;4582
CONSORCIO;30/05/2022 11:02;CPN02FPCO;User B;Microsoft Windows 8.1 Pro;1536;1600;192.168.10.72;ca:ef:99:cb:c6:8c;Dell;v23;4795
AGENDAMENTO;23/06/2022 14:40;CPN01TPCC;User C;Microsoft Windows 10 Pro;4096;3912;192.168.10.73;2e:85:f1:d7:cb:a9;HP;v24;5008
FINANCEIRO;11/07/2022 12:20;CPN09FNSV;User A;Microsoft Windows 7 Home Premium;4096;2100;192.168.10.74;98:84:fa:6e:e5:96;Lenovo;v25;5222
CONSORCIO;19/07/2022 14:23;CPN00FPVD;User B;Microsoft Windows 8.1 Pro;6144;1800;192.168.10.75;34:a7:d8:1d:da:bf;Dell;v26;5435
VENDAS;23/07/2022 11:36;CPN10FNGV;User C;Microsoft Windows 8;4096;2400;192.168.10.76;ee:a8:e8:6c:24:39;HP;v27;5648
GERENTE PÓS VENDAS;29/07/2022 10:32;CPN09NJPV;User A;Microsoft Windows 10 Home Single Language;4096;2401;192.168.10.77;3b:32:01:fe:8f:a4;Lenovo;v28;5861
VENDAS;01/08/2022 12:33;CPN10FNVD;User B;Microsoft Windows 7 Professional;4096;2268;192.168.10.78;bc:ab:a0:bb:9a:ee;Dell;v29;6075
SERVER;18/08/2022 13:20;SERVUNI;User A;Microsoft Windows Server 2012 R2 Standard;8192;3101;192.168.10.79;83:92:02:34:18:5d;HP;v30;6288
SEC VENDAS;19/08/2022 07:55;CPN11PJSV;User A;Microsoft Windows 8.1 Single Language;6144;2400;192.168.10.80;19:32:e3:e1:02:05;Lenovo;v31;6501
PEÇAS;25/08/2022 08:38;RAFAELTEXEI;User B;Microsoft Windows 7 Home Premium;4096;2100;192.168.10.81;13:14:09:af:91:34;Dell;v32;6715
CONSORCIO;09/09/2022 11:48;CPN09FP00;User C;Microsoft Windows 8 Pro;3072;2400;192.168.10.82;12:06:25:b3:67:75;HP;v33;6928
GERENTE DE VENDAS;14/10/2022 16:10;CPN09FNGV;User A;Microsoft Windows 10 Home Single Language;4096;1701;192.168.10.83;f5:01:0a:27:b7:35;Lenovo;v34;7141
CONSULTOR TECNICO;31/10/2022 17:35;CPN11JP00;User B;Microsoft Windows 11 Pro;8192;3600;192.168.10.84;22:66:43:1d:72:b8;Dell;v35;7355
RECEPCAO;11/11/2022 09:07;CPN11PJVD;User C;Microsoft Windows 8.1 Single Language;6144;3300;192.168.10.85;45:86:95:56:c5:47;HP;v36;7568
POS VENDAS;11/11/2022 10:12;CPN01TNPV;User A;Microsoft Windows 10 Home Single Language;8192;2000;192.168.10.86;5d:fb:ef:f4:71:58;Lenovo;v37;7781
OFICINA;11/11/2022 10:15;CPN01TPPV;User B;Microsoft Windows 10 Home Single Language;3522;2095;192.168.10.87;81:ad:b0:f0:a3:e1;Dell;v38;7994
SEGUROS;11/11/2022 10:20;CPN02FPSG;User A;Microsoft Windows 8 Single Language;6144;3300;192.168.10.88;9c:b2:7e:b1:9f:bc;HP;v39;8208
SEC VENDAS;11/11/2022 10:21;CPN02FPSV;User A;Microsoft Windows 7 Home Basic;4096;3100;192.168.10.89;b8:83:26:72:f7:a5;Lenovo;v40;8421
RH;11/11/2022 10:22;CPN00FNRH;User B;Microsoft Windows 8.1 Single Language;4096;1701;192.168.10.90;bd:c2:18:7b:62:b1;Dell;v41;8634
VENDAS;11/11/2022 10:22;CPN04JPVD;User C;Microsoft Windows 10 Pro;4096;3600;192.168.10.91;0c:51:aa:6a:e2:af;HP;v42;8848
RECEPÇÃO;11/11/2022 10:23;CPN04JPSG;User A;Microsoft Windows 7 Professional;2040;900;192.168.10.92;ae:91:be:ce:c0:80;Lenovo;v43;9061
PEÇAS;11/11/2022 10:25;CPN07JPCO;User B;Microsoft Windows 11 Pro;4096;3600;192.168.10.93;2a:e6:b4:95:11:d9;Dell;v44;9274
SEGUROS;11/11/2022 10:27;CPN00FNSG;User C;Microsoft Windows 8.1 Single Language;6144;2401;192.168.10.94;ab:ab:7d:ed:8e:fe;HP;v45;9488
VENDAS;11/11/2022 10:30;CPN01TNVD;User A;Microsoft Windows 10 Home Single Language;8192;1992;192.168.10.95;6a:5a:e2:36:05:b1;Lenovo;v46;9701
VENDAS;11/11/2022 10:32;DESKTOP-D45B4;User B;Microsoft Windows 10 Home Single Language;4096;3500;192.168.10.96;bd:e3:1a:78:79:84;Dell;v47;9914
AGENDAMENTO;11/11/2022 10:38;CPN01TPCC;User C;Microsoft Windows 10 Pro;4096;3912;192.168.10.97;0b:8d:16:4a:7a:2d;HP;v48;10127
VENDAS;11/11/2022 10:40;CPN01TNSV;User A;Microsoft Windows 8.1 Single Language;4096;1701;192.168.10.98;b8:92:0c:2f:d6:ac;Lenovo;v49;10341
AGENDAMENTO;11/11/2022 10:47;CPN01TPAG;User B;Microsoft Windows 10 Home Single Language;8192;2201;192.168.10.99;fb:43:c5:f6:99:84;Dell;v50;10554
VENDAS;11/11/2022 10:48;CPN01TN00;User A;Microsoft Windows 10 Home Single Language;4096;2000;192.168.10.100;0a:ca:d8:4a:fb:25;HP;v51;10767
CONSORCIO;11/11/2022 10:49;CPN12JNCS;User A;Microsoft Windows 8.1 Single Language;4096;2201;192.168.10.101;a4:72:48:f9:d8:ab;Lenovo;v52;10981
VENDAS;11/11/2022 11:06;CPN09JPVD;User B;Microsoft Windows 8.1 Single Language;4096;3500;192.168.10.102;2a:39:83:e0:c6:9a;Dell;v53;11194
GARANTIA;11/11/2022 11:06;CPN11JPPC;User C;Microsoft Windows 10 Pro;4096;3600;192.168.10.103;3a:ee:86:92:9a:e7;HP;v54;11407
AGENDAMENTO;11/11/2022 11:07;CPN01TPVD;User A;Microsoft Windows 10 Pro;4096;3600;192.168.10.104;0f:4d:8e:d3:56:53;Lenovo;v55;11621
CONSORCIO;13/04/2023 12:10;CPN09FPCO02-;User B;Microsoft Windows 7 Professional;3072;2693;192.168.10.105;b1:2b:87:c1:5b:c7;Dell;v56;11834
VENDAS;14/04/2023 12:21;DESKTOP-P3V1J;User C;Microsoft Windows 10 Pro;4096;3100;192.168.10.106;21:09:4e:68:58:ee;HP;v57;12047
ADM;14/04/2023 15:28;CPN04PSR;User A;Microsoft Windows 8.1 Single Language;4096;3500;192.168.10.107;de:02:4f:eb:dd:54;Lenovo;v58;12260
GERENTE DE VENDAS;15/04/2023 12:42;CPN04JNGV;User B;Microsoft Windows 10 Pro;8192;2304;192.168.10.108;18:60:96:7d:e9:16;Dell;v59;12474
SEC VENDAS;15/04/2023 12:49;CPN04JPSV;User A;Microsoft Windows 11 Pro;4096;3600;192.168.10.109;ce:83:ad:8e:2c:a6;HP;v60;12687
VENDAS;15/04/2023 12:51;CPN04PSR;User A;Microsoft Windows 8.1 Single Language;4096;3500;192.168.10.110;d1:89:68:5a:8b:88;Lenovo;v61;12900
Mobile FIAT RIO CLARO;18/04/2023 10:11;celE2(4G-LTE)-87f04a92de924e;User B;Android linux 6.0;898;1209;192.168.10.111;58:aa:30:3d:38:e7;Dell;v62;13114
CONSULTOR TECNICO;03/05/2023 07:42;CPN09PCT;User C;Microsoft Windows 10 Pro;4096;3696;192.168.10.112;53:81:09:e9:76:6b;HP;v63;13327
CAIXA;12/05/2023 08:09;CPN05FPSV;User A;Microsoft Windows 8.1 Single Language;4096;1600;192.168.10.113;95:0d:c5:da:76:db;Lenovo;v64;13540
VENDAS;12/05/2023 10:21;CPN00FPVD;User B;Microsoft Windows 8.1 Single Language;6144;3300;192.168.10.114;30:0d:97:35:6b:42;Dell;v65;13754
ACESSORIOS;13/05/2023 10:38;CPN11PSR;User C;Microsoft Windows 10 Pro;4096;3912;192.168.10.115;bf:c2:44:a7:b7:93;HP;v66;13967
;30/05/2023 10:40;CPN00NCO;User A;Microsoft Windows 10 Pro;4096;2000;192.168.10.116;ef:6e:0c:e9:25:7d;Lenovo;v67;14180
VENDAS;01/06/2023 16:48;CPN02FPVD;User B;Microsoft Windows 10 Pro;3522;2095;192.168.10.117;33:a8:f0:69:33:bf;Dell;v68;14393
Mobile TOYOTA ARACATUBA;16/06/2023 14:56;cel g(6) play-e64de280b0ce28;User C;Android linux 9;2879;1401;192.168.10.118;aa:45:d8:e1:70:ab;HP;v69;14607
CONSULTOR TECNICO;20/06/2023 15:46;CPN01PPV;User A;Microsoft Windows 10 Home Single Language;4096;3300;192.168.10.119;27:2d:12:de:b6:86;Lenovo;v70;14820
Diretoria;06/07/2023 07:51;CPN00NPE;User B;Microsoft Windows 11 Pro;8192;1800;192.168.10.120;83:6d:19:92:8d:02;Dell;v71;15033
Administração;06/07/2023 17:51;CPN09PAD;User A;Microsoft Windows 10 Pro;4096;3912;192.168.10.121;47:58:64:b5:7c:6b;HP;v72;15247
VENDAS;10/07/2023 08:27;CPN01PSR;User A;Microsoft Windows 10 Home Single Language;6144;3300;192.168.10.122;77:a5:a9:81:d3:f3;Lenovo;v73;15460
VENDAS;15/07/2023 08:16;CPN01PSR;User B;Microsoft Windows 7 Home Basic;4096;3300;192.168.10.123;30:07:3c:a8:7c:df;Dell;v74;15673
PEÇAS;22/07/2023 09:12;CPN03PSR;User C;Microsoft Windows 10 Home Single Language;4096;3500;192.168.10.124;b4:0f:0f:9e:36:68;HP;v75;15887
RECEPÇÃO;26/07/2023 12:06;CPN00PRH;User A;Microsoft Windows 10 Pro;3072;2992;192.168.10.125;ac:0d:89:00:10:48;Lenovo;v76;16100
ENTREGA TECNICA;27/07/2023 08:25;CPN14PSR;User B;Microsoft Windows 11 Pro;4096;3600;192.168.10.126;12:43:ec:d7:92:61;Dell;v77;16313
;27/07/2023 09:15;CPN00NMA;User C;Microsoft Windows 10 Pro;4096;1992;192.168.10.127;13:9a:17:5b:d9:46;HP;v78;16526
GERENTE DE VENDAS;27/07/2023 16:19;CPN05PCT;User A;Microsoft Windows 11 Pro;4096;3600;192.168.10.128;33:4b:26:a9:43:be;Lenovo;v79;16740
;27/07/2023 16:53;CPN00PSR;User B;Microsoft Windows 8.1 Single Language;12288;2201;192.168.10.129;4a:9f:70:39:8b:cd;Dell;v80;16953
Mobile FIAT PRESIDENTE PRUDENTE;30/07/2023 18:26;cel g82 5G-6bb29517804cdf;User A;Android linux 12;5480;1804;192.168.10.130;fb:da:1e:1f:9f:a9;HP;v81;17166
VENDAS;31/07/2023 11:31;CPN03PSR;User A;Microsoft Windows 10 Pro;4096;3600;192.168.10.131;8d:68:3b:4c:72:6a;Lenovo;v82;17380
Mobile JEEP PRESIDENTE PRUDENTE;31/07/2023 12:45;cel-8ee7a7b6b8760d;User B;Android linux 12;3671;1900;192.168.10.132;b2:76:21:b7:eb:1d;Dell;v83;17593
E-comeerce;02/08/2023 09:53;CPN00NPE;User C;Microsoft Windows 10 Home Single Language;4096;2201;192.168.10.133;3c:79:37:a9:56:b0;HP;v84;17806
ENTREGA TECNICA;05/08/2023 09:13;CPN14PSR;User A;Microsoft Windows 11 Pro;4096;2808;192.168.10.134;90:dd:11:5d:ef:76;Lenovo;v85;18020
SEGUROS;05/08/2023 12:10;CPN03PSR;User B;Microsoft Windows 10 Home Single Language;4096;3500;192.168.10.135;04:35:04:17:7a:10;Dell;v86;18233
Mobile FIAT RIO CLARO;08/08/2023 09:22;cel g(6) play-8e357db2272353;User C;Android linux 9;2879;1401;192.168.10.136;68:5c:29:52:3a:6f;HP;v87;18446
Mobile JEEP PRESIDENTE PRUDENTE ;08/08/2023 18:13;cel-200882e5cbe3fc;User A;Android linux 12;3671;1900;192.168.10.137;ce:53:7a:40:82:20;Lenovo;v88;18659
AGENDAMENTO;10/08/2023 17:50;CPN01PAP;User B;Microsoft Windows 10 Pro;4096;3912;192.168.10.138;34:bd:c2:aa:e9:cf;Dell;v89;18873
SEGUROS;11/08/2023 07:36;CPN00PSG;User C;Microsoft Windows 7 Professional;3548;2992;192.168.10.139;42:df:77:ed:1f:8b;HP;v90;19086
AGENDAMENTO;11/08/2023 13:24;CPN01PAP;User A;Microsoft Windows 10 Pro;4096;3600;192.168.10.140;18:fa:7e:97:ea:27;Lenovo;v91;19299
AVALIADOR;11/08/2023 13:47;CPN03PSR;User B;Microsoft Windows 11 Pro;4096;3600;192.168.10.141;3c:0b:16:ba:d9:6b;Dell;v92;19513
Seguros;11/08/2023 15:04;DESKTOP-LFC20;User A;Microsoft Windows 10 Home Single Language;4096;3300;192.168.10.142;3d:11:d2:99:c7:68;HP;v93;19726
Mobile JEEP JAU;21/08/2023 17:48;cel-e6c9e87a1ab56d;User A;Android linux 12;3671;1900;192.168.10.143;ba:2b:c2:97:6d:ad;Lenovo;v94;19939
Mobile JEEP JAU;21/08/2023 17:48;cel-88f6e78f36e533;User B;Android linux 12;3671;1900;192.168.10.144;0e:57:94:00:6c:3b;Dell;v95;20153
Mobile JEEP JAU;21/08/2023 17:52;cel-2797c715b8ad2e;User C;Android linux 12;3671;1900;192.168.10.145;58:0a:8f:84:b4:ab;HP;v96;20366
Mobile FIAT RIO CLARO;21/08/2023 21:50;cel g(9) play-c0e1a6fb544653;User A;Android linux 11;3725;1804;192.168.10.146;33:1b:b4:ce:d0:9b;Lenovo;v97;20579
Mobile Fiat Pirassununga ;22/08/2023 10:36;cel-ff262911558bd0;User B;Android linux 12;3671;1900;192.168.10.147;86:5c:4e:d7:ed:18;Dell;v98;20792
Mobile Fiat Pirassununga;22/08/2023 10:49;cel-d8c0dbc9c98b71;User C;Android linux 12;3671;1900;192.168.10.148;de:fe:42:f2:9f:89;HP;v99;21006
Mobile Fiat Pirassununga;22/08/2023 11:28;cel-1ad317e8e882be;User A;Android linux 12;3671;1900;192.168.10.149;23:53:c0:cf:f4:c0;Lenovo;v100;21219
Mobile Fiat Pirassununga;22/08/2023 11:33;cel-c208fad543bc58;User B;Android linux 12;3671;1900;192.168.10.150;c0:d9:55:17:41:13;Dell;v101;21432
Mobile FIAT RIO CLARO;22/08/2023 15:56;cel-a589fee32365c1;User A;Android linux 12;3671;1900;192.168.10.151;a0:8f:b5:53:b4:bd;HP;v102;21646
Vendas;23/08/2023 17:47;CPN03PRS;User A;Microsoft Windows 10 Pro;4096;3912;192.168.10.152;c8:69:85:b1:28:5e;Lenovo;v103;21859
Mobile JEEP RIO CLARO;23/08/2023 20:14;cel g(9) play-4d3eb8daf33bfc;User B;Android linux 10;3726;1804;192.168.10.153;86:7b:08:4e:69:15;Dell;v104;22072
Mobile Fiat Pirassununga;25/08/2023 09:01;cel-17efb307f76dc3;User C;Android linux 12;3671;1900;192.168.10.154;dd:07:68:8a:4f:6c;HP;v105;22286
Mobile FIAT RIO CLARO;25/08/2023 12:07;cel-fd7b35fca3b94e;User A;Android linux 12;3671;1900;192.168.10.155;9d:2a:c3:2c:1a:3f;Lenovo;v106;22499
PEÇAS;28/08/2023 14:50;DESKTOP-AP8CG;User B;Microsoft Windows 10 Home Single Language;6144;3300;192.168.10.156;57:eb:c1:3d:e6:d8;Dell;v107;22712
Mobile FIAT PRESIDENTE PRUDENTE ;29/08/2023 10:01;cel-d531dcd5b1f1b8;User C;Android linux 12;3671;1900;192.168.10.157;d6:db:33:88:94:f7;HP;v108;22925
Mobile FIAT PRESIDENTE PRUDENTE ;29/08/2023 11:11;cel-91270aec0230d8;User A;Android linux 12;3671;1900;192.168.10.158;95:c3:c8:ca:de:e0;Lenovo;v109;23139
DIRETORIA;30/08/2023 13:20;TEMPORARIO-MA;User B;Microsoft Windows 11 Pro;8192;2419;192.168.10.159;46:1d:78:9d:56:a2;Dell;v110;23352
ADMINISTRAÇÃO;31/08/2023 17:06;CPN11PSG;User C;Microsoft Windows 11 Pro;4096;3600;192.168.10.160;23:d8:8b:1b:15:19;HP;v111;23565
Mobile JEEP MARÍLIA;01/09/2023 09:48;cel-cbe79a00b3f16a;User A;Android linux 12;3671;1900;192.168.10.161;5f:df:ec:4c:66:08;Lenovo;v112;23779
Mobile TOYOTA ARAÇATUBA ;01/09/2023 16:03;cel-9bd30623639fde;User B;Android linux 12;3671;1900;192.168.10.162;c4:1a:51:22:6b:c2;Dell;v113;23992
RECEPÇÃO;05/09/2023 08:20;CPN03PSR;User A;Microsoft Windows 10 Pro;4096;3912;192.168.10.163;0a:f8:1f:9e:d7:97;HP;v114;24205
Mobile TOYOTA ARAÇATUBA ;05/09/2023 11:08;cel-4ec17a223a9752;User A;Android linux 12;3671;1900;192.168.10.164;e2:d5:cd:da:11:e6;Lenovo;v115;24419
Faturamento;05/09/2023 17:01;CPN12PSR;User B;Microsoft Windows 8.1 Single Language;3072;2993;192.168.10.165;5c:5e:63:64:93:86;Dell;v116;24632
CONSULTOR TECNICO;06/09/2023 08:06;VVP09PAD;User C;Microsoft Windows 7 Professional;4096;2712;192.168.10.166;64:44:66:45:30:75;HP;v117;24845
MKT;06/09/2023 11:33;DESKTOP-5D5PR;User A;Microsoft Windows 10 Home Single Language;6144;2400;192.168.10.167;53:2a:7d:f0:bf:68;Lenovo;v118;25058
VENDAS;06/09/2023 16:47;CPN09PSR;User B;Microsoft Windows 10 Pro;4096;3600;192.168.10.168;48:46:30:41:57:cf;Dell;v119;25272
Mobile JEEP JAU;07/09/2023 14:14;cel g(9) play-16e568059a71c2;User C;Android linux 10;3726;1804;192.168.10.169;bb:b3:e4:95:4e:52;HP;v120;25485
Mobile FIAT PRESIDENTE PRUDENTE ;09/09/2023 09:23;cel-8acccf2411b151;User A;Android linux 12;3671;1900;192.168.10.170;40:c6:8c:3c:22:2c;Lenovo;v121;25698
Mobile FIAT PIRASSUNUNGA;12/09/2023 10:38;cel g(9) play-76dbeaeb4fe8fc;User B;Android linux 10;3726;1804;192.168.10.171;7d:b7:ce:e8:26:ae;Dell;v122;25912
PEÇAS;13/09/2023 09:01;CPN11PPE;User A;Microsoft Windows 11 Pro;4096;3600;192.168.10.172;4b:8e:c7:57:de:58;HP;v123;26125
Mobile Fiat Pirassununga;13/09/2023 20:23;cel-78c4647796285d;User A;Android linux 12;3671;1900;192.168.10.173;68:a1:4f:78:5a:ca;Lenovo;v124;26338
Mobile FIAT RIO CLARO;14/09/2023 12:36;cel g(7) play-6b7c62301b8f3f;User B;Android linux 10;1831;1804;192.168.10.174;25:50:51:e1:45:66;Dell;v125;26552
Mobile JEEP BAURU;15/09/2023 10:55;cel-54ed0bdcedc58c;User C;Android linux 12;3671;1900;192.168.10.175;39:d1:77:4a:97:cb;HP;v126;26765
GERENTE DE VENDAS;15/09/2023 11:19;CPN12NAD;User A;Microsoft Windows 10 Pro;8192;2304;192.168.10.176;4a:71:d1:69:a6:d7;Lenovo;v127;26978
VENDAS;15/09/2023 15:40;CPN09PSR;User B;Microsoft Windows 11 Pro;4096;3600;192.168.10.177;45:07:dc:eb:ce:b0;Dell;v128;27191
VENDAS;15/09/2023 15:41;CPN09PSR;User C;Microsoft Windows 10 Pro;3522;2095;192.168.10.178;4e:4d:64:f4:ae:3e;HP;v129;27405
Mobile JEEP ARAÇATUBA ;15/09/2023 18:18;cel-fe533d9abad3d8;User A;Android linux 12;3671;1900;192.168.10.179;bf:03:fe:23:eb:44;Lenovo;v130;27618
Mobile TOYOTA ARAÇATUBA;18/09/2023 08:40;cel g(9) play-062d355c47fca9;User B;Android linux 11;3725;1804;192.168.10.180;98:da:3b:36:b1:47;Dell;v131;27831
Mobile TOYOTA ARAÇATUBA ;18/09/2023 09:05;cel-21d452421f78da;User C;Android linux 12;3671;1900;192.168.10.181;48:f1:1f:b7:d0:93;HP;v132;28045
Mobile TOYOTA ARAÇATUBA ;18/09/2023 13:50;cel-4aad7dd44198c3;User A;Android linux 12;3671;1900;192.168.10.182;94:a2:32:6c:7c:79;Lenovo;v133;28258
Mobile FIAT RIO CLARO;21/09/2023 15:10;cel-2278fc8117619d;User B;Android linux 12;3671;1900;192.168.10.183;8e:95:f7:cf:82:e2;Dell;v134;28471
Mobile TOYOTA ARAÇATUBA ;22/09/2023 13:40;cel-a3f6655fbaa11f;User A;Android linux 12;3671;1900;192.168.10.184;77:6e:e3:5c:55:16;HP;v135;28685
CONSULTORES;22/09/2023 17:30;DESKTOP-FBKRS;User A;Microsoft Windows 11 Pro;4096;3300;192.168.10.185;72:7b:12:1f:0b:5c;Lenovo;v136;28898
Mobile Toyota Araçatuba;25/09/2023 07:53;cel g(7) play-92bd8f93c01b0b;User B;Android linux 10;1831;1804;192.168.10.186;31:4d:d7:eb:e5:c6;Dell;v137;29111
Mobile JEEP BAURU;25/09/2023 11:27;cel-ec5662c45043d5;User C;Android linux 12;3671;1900;192.168.10.187;ee:dd:7b:7a:a7:4f;HP;v138;29324
Mobile FIAT PIRASSUNUNGA;28/09/2023 15:09;cel e5-d598d42d345dca;User A;Android linux 8.0.0;1858;1401;192.168.10.188;90:7f:aa:1a:30:95;Lenovo;v139;29538
Mobile FIAT RIO CLARO;28/09/2023 19:20;cel-0952a92856091c;User B;Android linux 12;3671;1900;192.168.10.189;1c:92:a7:2e:e8:4a;Dell;v140;29751
Mobile JEEP JAU;05/10/2023 09:55;cel-61bd2c049dad36;User C;Android linux 12;3671;1900;192.168.10.190;fb:ca:3d:73:36:bd;HP;v141;29964
Mobile JEEP PRESIDENTE PRUDENTE ;06/10/2023 09:19;cel-77acacb7fdd7aa;User A;Android linux 12;3671;1900;192.168.10.191;cf:0d:21:fc:7c:13;Lenovo;v142;30178
OFICINA;06/10/2023 11:20;CPN08TNOF;User B;Microsoft Windows 10 Pro;4096;2304;192.168.10.192;b5:d9:de:b4:fb:55;Dell;v143;30391
Mobile Jeep Marilia;09/10/2023 09:06;cel g(9) play-1c9b3fc821deb5;User A;Android linux 10;3726;1804;192.168.10.193;b1:1d:f1:eb:bf:2c;HP;v144;30604
OFICINA;09/10/2023 12:27;CPN06NPV;User A;Microsoft Windows 10 Home Single Language;4096;2201;192.168.10.194;77:bb:f7:c6:b5:c2;Lenovo;v145;30818
Mobile;13/10/2023 10:47;cel g82 5G-2a91a1e663fe76;User B;Android linux 12;5480;1804;192.168.10.195;27:77:54:e5:66:5b;Dell;v146;31031
Mobile JEEP ARAÇATUBA ;13/10/2023 12:04;cel-6e826642a050e7;User C;Android linux 12;3671;1900;192.168.10.191;b6:ee:75:b2:9a:f5;HP;v147;31244
Mobile JEEP ARAÇATUBA ;13/10/2023 15:44;cel-0b9859c813e8f4;User A;Android linux 12;3671;1900;192.168.11.50;fb:b9:ee:c0:b6:7e;Lenovo;v148;31457
Mobile JEEP VIVIANI;13/10/2023 17:58;cel-4083b873507ceb;User B;Android linux 12;3671;1900;192.168.10.51;90:37:59:80:99:7f;Dell;v149;31671
Mobile FIAT RIO CLARO;14/10/2023 15:52;cel-4670dd31c1b156;User C;Android linux 12;3671;1900;192.168.10.52;2c:11:ae:66:48:fd;HP;v150;31884
Mobile JEEP MARILIA;15/10/2023 21:28;cel-300de0778edc26;User A;Android linux 12;3671;1900;192.168.11.53;75:55:11:b0:5d:ce;Lenovo;v151;32097
Mobile JEEP BAURU;18/10/2023 09:52;cel-54e41659b805c2;User B;Android linux 12;3671;1900;192.168.10.54;e3:6f:a0:b9:65:42;Dell;v152;32311
Mobile FIAT RIO CLARO;18/10/2023 21:54;SM-G991B-840aa143002b8d;User C;Android linux 13;7201;1586;192.168.10.55;01:8d:dc:db:cb:2f;HP;v153;32524
CONSULTOR DE V ENDAS;19/10/2023 15:34;DESKTOP-GQSMV;User A;Microsoft Windows 11 Pro;4096;3300;192.168.11.56;d3:e8:b7:1f:53:9d;Lenovo;v154;32737
CONSULTOR DE V ENDAS;19/10/2023 15:44;CPN03PSR;User B;Microsoft Windows 11 Pro;4096;3300;192.168.10.57;6e:ab:18:21:73:c3;Dell;v155;32951
Mobile FIAT RIO CLARO;20/10/2023 18:54;cel g(9) play-a3da31e565baaa;User A;Android linux 10;3726;1804;192.168.11.58;9e:3b:5b:01:e6:d4;HP;v156;33164
Mobile JEEP PRESIDENTE PRUDENTE ;23/10/2023 09:45;cel-048c2785591204;User A;Android linux 12;3671;1900;192.168.11.59;88:95:5f:2a:d0:e6;Lenovo;v157;33377
Vendedor Externo;24/10/2023 10:36;CPN00NPE;User B;Microsoft Windows 11 Pro;5990;2301;192.168.10.60;63:f7:1b:c9:6e:ad;Dell;v158;33590
Lavador;24/10/2023 17:52;CPN00PPV06-;User C;Microsoft Windows 7 Professional;3548;2992;192.168.10.61;73:b0:ca:f1:72:52;HP;v159;33804
VENDAS;26/10/2023 12:29;CPN12PSR;User A;Microsoft Windows 10 Pro;4096;3600;192.168.11.62;8c:9c:c7:27:01:7f;Lenovo;v160;34017
VENDAS;27/10/2023 17:05;DESKTOP-CRVB0;User B;Microsoft Windows 11 Pro;4096;3300;192.168.10.63;b5:dd:6e:94:b8:b3;Dell;v161;34230
OFICINA;27/10/2023 17:24;CPN04NPV;User C;Microsoft Windows 8.1 Single Language;4096;2401;192.168.10.64;12:0a:8c:bf:ba:c6;HP;v162;34444
CONSORCIO;27/10/2023 17:46;CPN00PPE;User A;Microsoft Windows 8.1 Pro;4096;3400;192.168.11.65;76:29:69:a4:6b:37;Lenovo;v163;34657
Mobile FIAT PRESIDENTE PRUDENTE;30/10/2023 15:59;cel g(6) play-57d8068d87ef93;User B;Android linux 9;2879;0;192.168.10.66;11:f2:dc:de:da:34;Dell;v164;34870
Mobile JEEP MARILIA;30/10/2023 18:18;cel-22645beea9a11b;User A;Android linux 12;3671;1900;192.168.11.67;44:44:55:c1:e5:93;HP;v165;35084
Mobile FIAT RIO CLARO;31/10/2023 07:34;cel-0e98a739e67e64;User A;Android linux 12;3671;1900;192.168.11.68;d0:2a:4d:ad:0f:89;Lenovo;v166;35297
SERVER;03/11/2023 01:52;CPN00FBDOF;User B;Microsoft Windows 8.1 Pro;24576;3000;192.168.10.69;8f:fc:3a:71:6f:26;Dell;v167;35510
PECAS;07/11/2023 08:52;CPN00FNPC;User C;Microsoft Windows 8.1 Single Language;4096;1701;192.168.10.70;93:cb:6f:47:d6:b8;HP;v168;35723
CAIXA;07/11/2023 12:36;CPN14PAD;User A;Microsoft Windows 11 Pro;4096;2808;192.168.11.71;8b:18:7a:9d:16:eb;Lenovo;v169;35937
Mobile FIAT RIO CLARO;07/11/2023 17:55;cel-2d3d07aa3e1556;User B;Android linux 12;3671;1900;192.168.10.72;fb:9c:74:2e:d9:c4;Dell;v170;36150
Mobile TOYOTA ARAÇATUBA ;08/11/2023 15:45;cel-23826ddfde34fc;User C;Android linux 12;3671;1900;192.168.10.73;e4:11:b9:29:fd:1a;HP;v171;36363
Mobile JEEP ARAÇATUBA ;09/11/2023 12:11;cel-8fcf2890b6342e;User A;Android linux 12;3671;1804;192.168.11.74;ae:c5:71:50:44:d6;Lenovo;v172;36577
Mobile JEEP PRESIDENTE PRUDENTE;09/11/2023 16:01;cel g(6) play-626327d615d207;User B;Android linux 9;2879;1401;192.168.10.75;39:07:68:85:16:42;Dell;v173;36790
Vendas;09/11/2023 17:02;CPN01PSR;User C;Microsoft Windows 10 Home Single Language;6144;3300;192.168.10.76;db:1b:ea:00:e2:38;HP;v174;37003
Mobile TOYOTA ARAÇATUBA;10/11/2023 08:46;cel g(9) play-8fe16a421cb181;User A;Android linux 10;3726;1804;192.168.11.77;cf:79:10:77:d7:20;Lenovo;v175;37217
CONSULTOR TECNICO;11/11/2023 14:12;CPN08PSR;User B;Microsoft Windows 10 Home Single Language;3551;2400;192.168.10.78;03:0e:73:2e:09:5a;Dell;v176;37430
Mobile TOYOTA ARAÇATUBA;13/11/2023 07:45;cel g82 5G-8a4f08dd809233;User A;Android linux 13;5481;1804;192.168.11.79;eb:67:da:3a:fe:b2;HP;v177;37643
Mobile JEEP RIO CLARO;13/11/2023 16:18;cel-bda3c8ee3594f5;User A;Android linux 12;3671;1900;192.168.11.80;64:fb:9a:45:f6:b6;Lenovo;v178;37856
VENDAS;13/11/2023 16:42;CPN05PSR;User B;Microsoft Windows 10 Pro;4096;3600;192.168.10.81;a8:cb:75:6f:f0:6e;Dell;v179;38070
Lavador;14/11/2023 07:42;CPN00PPV;User C;Microsoft Windows 7 Professional;3548;2992;192.168.10.82;53:45:df:f3:df:6c;HP;v180;38283
DIRETORIA;14/11/2023 17:25;CPN04JNDR;User A;Microsoft Windows 11 Pro;8192;1800;192.168.11.83;df:c4:79:ac:3d:80;Lenovo;v181;38496
Mobile JEEP PRESIDENTE PRUDENTE ;16/11/2023 12:45;cel-d3c93c50434f8e;User B;Android linux 12;3671;1900;192.168.10.84;ac:2b:ad:c8:27:01;Dell;v182;38710
GV - MKT;17/11/2023 08:23;CPN00NMK;User C;Microsoft Windows 11 Pro;4096;2592;192.168.10.85;9f:7c:eb:10:84:ac;HP;v183;38923
Mobile JEEP ARAÇATUBA ;17/11/2023 08:34;cel-30177c9dfd8bee;User A;Android linux 12;3671;1900;192.168.11.86;7a:75:de:87:7f:fb;Lenovo;v184;39136
Mobile JEEP PRESIDENTE PRUDENTE;17/11/2023 09:01;cel g(6) play-b47463cf58f5b0;User B;Android linux 8.0.0;2874;1401;192.168.10.87;3e:31:ef:6c:05:54;Dell;v185;39350
Mobile Toyota Jales;17/11/2023 10:55;cel-0990517f654423;User A;Android linux 12;3671;1900;192.168.11.88;2d:96:e9:8d:a4:9d;HP;v186;39563
Consultor técnico;17/11/2023 11:14;CPN03PCT;User A;Microsoft Windows 7 Ultimate;4096;2603;192.168.11.89;19:64:4b:85:da:a7;Lenovo;v187;39776
Consórcio;17/11/2023 12:13;CPN12PCO;User B;Microsoft Windows 10 Pro;4096;3600;192.168.10.90;40:c2:21:e7:8f:62;Dell;v188;39989
Mobile JEEP RIO CLARO;17/11/2023 14:05;cel-33e8fadf6e92aa;User C;Android linux 12;3671;1900;192.168.10.91;d4:8f:31:4b:7e:c9;HP;v189;40203
Mobile JEEP MARÍLIA ;17/11/2023 15:40;cel-d548e68a80c34c;User A;Android linux 12;3671;1900;192.168.11.92;1a:21:36:fd:2c:98;Lenovo;v190;40416
GERENTE DE VENDAS EXTERNAS;17/11/2023 15:57;CPN00NSR;User B;Microsoft Windows 11 Pro;8192;2419;192.168.10.93;be:86:46:c6:48:bc;Dell;v191;40629
Vendas;17/11/2023 17:05;CPN00PSR;User C;Microsoft Windows 8.1 Single Language;4096;1600;192.168.10.94;44:a8:07:6c:5f:91;HP;v192;40843
CRM;17/11/2023 17:10;CPN00NBC;User A;Microsoft Windows 8.1 Single Language;4096;2533;192.168.11.95;0b:a5:1d:bc:af:9b;Lenovo;v193;41056
;17/11/2023 18:07;CPN08PCT;User B;Microsoft Windows 8.1 Single Language;4096;2000;192.168.10.96;68:37:d7:e7:72:0e;Dell;v194;41269
Mobile TOYOTA JALES;18/11/2023 08:46;cel g82 5G-40243be568c7e0;User C;Android linux 13;5481;1804;192.168.10.97;10:0f:37:65:2d:25;HP;v195;41483
Mobile JEEP RIO CLARO;18/11/2023 09:46;cel-cd1d997f1b5988;User A;Android linux 12;3671;1900;192.168.11.98;72:d8:de:7d:6e:0e;Lenovo;v196;41696
F&I;18/11/2023 12:55;CPN00PMC;User B;Microsoft Windows 10 Pro;4096;3600;192.168.10.99;45:bc:44:6e:fe:1a;Dell;v197;41909
Mobile FIAT PRESIDENTE PRUDENTE ;21/11/2023 06:00;cel-028ca55897d7fe;User A;Android linux 12;3671;1900;192.168.11.110;91:7a:e2:2f:a1:cf;HP;v198;42122
Mobile Jeep Araçatuba ;21/11/2023 07:37;cel g(9) play-dc4e7b5e081dcc;User A;Android linux 11;3725;1804;192.168.11.111;3b:dd:ee:ba:e6:17;Lenovo;v199;42336
PEÇAS_EXTERNO;21/11/2023 07:55;CPN00NPE;User B;Microsoft Windows 11 Pro;8192;2995;192.168.10.102;2c:a1:3a:a1:c0:73;Dell;v200;42549
Mobile Jeep Bauru;21/11/2023 08:02;cel g(9) play-49254dc91e3530;User C;Android linux 11;3725;1804;192.168.10.103;f0:72:20:da:0a:5a;HP;v201;42762
Mobile FIAT PRESIDENTE PRUDENTE ;21/11/2023 08:07;cel g(9) play-d0bb2bd28ef20d;User A;Android linux 11;3725;1804;192.168.11.114;c0:1f:55:d0:e0:dd;Lenovo;v202;42976
Mobile FIAT RIO CLARO;21/11/2023 08:30;cel g(6) play-99882ce08a6cb7;User B;Android linux 9;2879;1401;192.168.10.105;08:44:c3:d8:cd:c8;Dell;v203;43189
CAIXA;21/11/2023 09:57;CPN05PAD;User C;Microsoft Windows 11 Pro;4096;2808;192.168.10.106;58:b7:ce:c9:b7:36;HP;v204;43402
;21/11/2023 10:10;CPN01PSR;User A;Microsoft Windows 11 Pro;4096;3300;192.168.11.117;1a:0f:3c:6f:bf:a4;Lenovo;v205;43616
MKT;21/11/2023 11:06;CPN00PBC;User B;Microsoft Windows 11 Pro;8192;3300;192.168.10.108;32:2b:c9:bf:3e:45;Dell;v206;43829
RH;21/11/2023 11:06;CPN00NRH;User A;Microsoft Windows 11 Pro;8192;2419;192.168.11.119;d0:db:50:a5:d1:af;HP;v207;44042
BDC;21/11/2023 11:06;CPN00PMK;User A;Microsoft Windows 11 Pro;8192;3300;192.168.11.111;42:ee:20:0e:3b:bd;Lenovo;v208;44255
BDC;21/11/2023 11:07;CPN00PBC;User B;Microsoft Windows 11 Pro;4096;3300;192.168.10.111;d0:d6:d7:81:c8:44;Dell;v209;44469
GV - BDC/CRM;21/11/2023 11:08;CPN00PBC;User C;Microsoft Windows 11 Pro;4096;3600;192.168.10.112;c0:59:f6:c5:b6:13;HP;v210;44682
Avaliação;21/11/2023 11:13;CPN00NMA;User A;Microsoft Windows 10 Home Single Language;8192;2401;192.168.11.113;94:a7:1f:5c:4c:53;Lenovo;v211;44895
Consutores;21/11/2023 11:27;CPN01PCT;User B;Microsoft Windows 8 Single Language;6144;3300;192.168.10.114;38:76:f8:1d:95:96;Dell;v212;45109
AVALIADOR;21/11/2023 11:57;CPN00PPE;User C;Microsoft Windows 8 Professional Edition;3980;3600;192.168.10.115;2b:d1:91:aa:b0:79;HP;v213;45322
PEÇAS;21/11/2023 12:08;CPN13PPE;User A;Microsoft Windows 11 Pro;8192;3300;192.168.11.116;bc:21:00:89:6f:97;Lenovo;v214;45535
Vendas;21/11/2023 13:43;CPN11PSR;User B;Microsoft Windows 10 Pro;4096;3600;192.168.10.117;0a:41:47:4a:6b:17;Dell;v215;45749
Vendas;21/11/2023 14:17;DESKTOP-FQA2Q;User C;Microsoft Windows 10 Pro;4096;3912;192.168.10.118;54:62:81:91:a8:31;HP;v216;45962
Mobile JEEP BAURU;21/11/2023 14:17;cel-20d8d19ef88935;User A;Android linux 12;3671;1900;192.168.11.119;2c:98:5c:bd:ae:15;Lenovo;v217;46175
CONTABILIDADE;21/11/2023 14:47;CPN00NCN;User B;Microsoft Windows 11 Pro;8192;2419;192.168.10.120;eb:9d:73:4a:30:12;Dell;v218;46388
MARKETING;21/11/2023 14:47;CPN00PMK;User A;Microsoft Windows 10 Pro;4096;3100;192.168.11.121;7a:09:54:b0:a9:2e;HP;v219;46602
Oficina;21/11/2023 14:59;CPN09NPV;User A;Microsoft Windows 11 Pro;8192;2419;192.168.11.122;fc:92:59:c3:3c:f3;Lenovo;v220;46815
Mobile FIAT RIO CLARO;21/11/2023 15:43;SM-G991B-36e5da8c37a9fc;User B;Android linux 13;7200;1586;192.168.10.123;b8:27:74:4f:e2:cf;Dell;v221;47028
Mobile JEEP BAURU ;21/11/2023 16:21;cel-746508e87e5388;User C;Android linux 12;3671;1900;192.168.10.124;bc:0b:f9:b7:5a:24;HP;v222;47242
Mobile JEEP BAURU;21/11/2023 16:38;cel g(6) play-ef69db9b9990da;User A;Android linux 9;2879;1401;192.168.11.125;37:ac:6e:90:9b:c5;Lenovo;v223;47455
RECEPCAO;21/11/2023 16:52;CPN12PSR;User B;Microsoft Windows 10 Pro;4096;3912;192.168.10.126;1e:f0:6f:6a:06:c5;Dell;v224;47668
VENDAS DE SEGUROS;21/11/2023 17:59;CPN03PSR;User C;Microsoft Windows 11 Pro;4096;3300;192.168.10.127;82:6d:6c:c7:3e:e0;HP;v225;47882
Mobile FIAT PRESIDENTE PRUDENTE ;21/11/2023 18:14;cel-9ba4bf2f54a58c;User A;Android linux 12;3671;1900;192.168.11.128;3c:f3:bd:14:24:f5;Lenovo;v226;48095
Vendas;21/11/2023 18:56;CPN08NSR;User B;Microsoft Windows 8.1 Single Language;4096;1701;192.168.10.129;30:41:65:61:b4:20;Dell;v227;48308
Mobile FIAT RIO CLARO;21/11/2023 20:39;cel g82 5G-734e110221a132;User A;Android linux 13;5481;1804;192.168.11.130;a1:0d:36:eb:94:c8;HP;v228;48521
Mobile JEEP PRESIDENTE PRUDENTE ;21/11/2023 20:45;cel-da6b1782821976;User A;Android linux 12;3671;1900;192.168.11.131;2f:c3:1f:97:90:58;Lenovo;v229;48735
TI;21/11/2023 21:40;CPN00NSR;User B;Microsoft Windows 8.1 Single Language;12288;2201;192.168.10.132;80:28:07:7a:ba:9e;Dell;v230;48948
Mobile FIAT RIO CLARO;22/11/2023 06:16;cel g(6) play-7908f2b6d7a221;User C;Android linux 9;2879;1401;192.168.10.133;7a:f1:55:5d:af:85;HP;v231;49161
AP;22/11/2023 07:32;CPN01PAP;User A;Microsoft Windows 10 Pro;4096;3912;192.168.11.134;73:51:43:3f:dc:16;Lenovo;v232;49375
GV - BDC/CRM;22/11/2023 07:52;CPN00NMK;User B;Microsoft Windows 10 Home Single Language;8192;2712;192.168.10.135;bb:6b:40:55:02:36;Dell;v233;49588
VENDAS;22/11/2023 08:17;CPN05PSR;User C;Microsoft Windows 11 Pro;4096;3600;192.168.10.136;bb:0a:05:5e:d4:68;HP;v234;49801
Mobile FIAT RIO CLARO;22/11/2023 08:20;cel e5-03be6f9c647e52;User A;Android linux 8.0.0;1862;1401;192.168.11.137;4d:ef:6a:3e:aa:cd;Lenovo;v235;50015
F&I;22/11/2023 08:27;CPN00NMC;User B;Microsoft Windows 8.1 Single Language;6144;1701;192.168.10.138;7a:91:fe:f0:de:7d;Dell;v236;50228
Mobile Jeep Marilia;22/11/2023 08:28;cel g(6) play-819f756e24d7e6;User C;Android linux 8.0.0;2882;1401;192.168.10.139;7d:04:f7:62:3e:20;HP;v237;50441
Diretoria;22/11/2023 08:57;CPN00NDI;User A;Microsoft Windows 10 Home Single Language;8192;2904;192.168.11.140;d2:0e:c7:3a:ad:9d;Lenovo;v238;50654
Mobile TOYOTA ARAÇATUBA;22/11/2023 09:00;cel g(6) play-ba0a7e05e605fb;User B;Android linux 9;2879;1401;192.168.10.141;4c:ca:2e:3c:73:2e;Dell;v239;50868
Mobile Fiat Pirassununga;22/11/2023 09:02;cel g(6) play-b18793310d0446;User A;Android linux 9;2879;1401;192.168.11.142;d3:b0:8f:c9:fc:a6;HP;v240;51081
;22/11/2023 09:04;CPN01PCSR;User A;Microsoft Windows 11 Pro;4096;3300;192.168.11.143;5c:a3:f3:e3:4a:a9;Lenovo;v241;51294
Mobile Toyota Lins;22/11/2023 09:07;cel-243b8a2d4aacea;User B;Android linux 12;3671;1900;192.168.10.144;e1:f4:73:ec:f5:47;Dell;v242;51508
Mobile FIAT PRESIDENTE PRUDENTE ;22/11/2023 09:08;cel-3ce7cd1f6f7b7f;User C;Android linux 12;3671;1900;192.168.10.145;1d:46:1f:22:1c:50;HP;v243;51721
CONSULTOR TECNICO;22/11/2023 09:10;CPN09PPV;User A;Microsoft Windows 7 Professional;4096;3100;192.168.11.146;51:02:ae:54:cc:a3;Lenovo;v244;51934
AP;22/11/2023 09:13;CPN00PSG;User B;Microsoft Windows 8.1 Pro;1791;2500;192.168.10.147;8b:ce:ea:8f:6e:c6;Dell;v245;52148
GERENTE DE VENDAS;22/11/2023 09:19;CPN04NSR;User C;Microsoft Windows 10 Pro;8192;2304;192.168.10.148;92:46:54:2f:f7:d7;HP;v246;52361
Mobile JEEP BAURU;22/11/2023 09:21;cel g82 5G-14e4bd03fb2066;User A;Android linux 12;5480;1651;192.168.11.149;b9:94:9e:51:54:ce;Lenovo;v247;52574
Mobile TOYOTA LINS;22/11/2023 09:23;cel g(9) play-14dca919444e81;User B;Android linux 10;3726;1804;192.168.10.150;2e:88:1c:47:86:f5;Dell;v248;52787
Mobile Toyota Jales;22/11/2023 10:01;cel-2fef527aa9d5c3;User A;Android linux 12;3671;1900;192.168.11.151;ed:00:1c:14:4b:fd;HP;v249;53001
Mobile. JEEP BAURU;22/11/2023 10:47;cel g(6) play-15585310a97bba;User A;Android linux 9;2879;0;192.168.11.152;1d:b9:f5:54:77:d6;Lenovo;v250;53214
Mobile Toyota Lins ;22/11/2023 11:02;cel-e5490ce61e5c76;User B;Android linux 12;3671;1900;192.168.10.153;7d:0a:14:b5:68:28;Dell;v251;53427
Mobile TOYOTA ARAÇATUBA ;22/11/2023 11:06;cel g82 5G-8a93d1e980a51e;User C;Android linux 13;5481;1804;192.168.10.154;72:23:f3:54:de:b8;HP;v252;53641
Mobile FIAT RIO CLARO;22/11/2023 11:09;SM-A730F-6e67e38f02714e;User A;Android linux 9;3704;1586;192.168.11.155;2c:d2:16:86:c1:07;Lenovo;v253;53854
VENDAS;22/11/2023 12:06;CPN11PSR;User B;Microsoft Windows 11 Pro;8192;3300;192.168.10.156;62:00:d9:41:96:84;Dell;v254;54067
Mobile Jeep RioClaro;22/11/2023 12:11;cel g(9) play-d961d23f26cc80;User C;Android linux 11;3725;1420;192.168.10.157;4b:9f:65:64:d8:ac;HP;v255;54281
Mobile JEEP PRESIDENTE PRUDENTE ;22/11/2023 12:34;cel g82 5G-a7455d2f22b905;User A;Android linux 12;5480;1651;192.168.11.158;0f:ce:1b:3d:a9:9b;Lenovo;v256;54494
Mobile JEEP BAURU;22/11/2023 12:53;cel-efb6dbfa1182a5;User B;Android linux 12;3671;1900;192.168.10.159;bf:cd:9c:be:e1:dc;Dell;v257;54707
Mobile JEEP RIO CLARO;22/11/2023 13:05;cel g82 5G-d645eccdb79cfb;User C;Android linux 12;5480;1804;192.168.10.160;8a:01:ad:3d:4c:53;HP;v258;54920
AUX. GARANTIA;22/11/2023 13:07;CPN09PPV;User A;Microsoft Windows 11 Pro;4096;3300;192.168.11.161;f9:4d:e8:ed:2d:4f;Lenovo;v259;55134
Mobile FIAT PIRASSUNUNGA;22/11/2023 13:23;cel g(9) play-504def95f46720;User B;Android linux 10;3726;1804;192.168.10.162;33:1a:24:f1:6b:ba;Dell;v260;55347
Mobile ;22/11/2023 13:26;cel g(6) play-c0a6a2413ff811;User A;Android linux 9;2879;1401;192.168.11.163;7f:2a:f4:3d:e1:17;HP;v261;55560
GV - BDC/CRM;22/11/2023 13:27;CPN00NBC;User A;Microsoft Windows 10 Home Single Language;6144;2400;192.168.11.164;bb:62:95:1c:07:86;Lenovo;v262;55774
Vendas;22/11/2023 13:41;CPN05PSR;User B;Microsoft Windows 11 Pro;4096;2808;192.168.10.165;9c:4e:a1:68:90:16;Dell;v263;55987
Mobile JEEP PRESIDENTE PRUDENTE ;22/11/2023 13:54;cel-22e5745063c453;User C;Android linux 12;3671;1900;192.168.10.166;16:41:4c:8e:6a:e4;HP;v264;56200
Mobile Jeep Jau;22/11/2023 14:07;cel g(9) play-f15f60d487996a;User A;Android linux 11;3725;1420;192.168.11.167;c2:ca:e5:c4:90:65;Lenovo;v265;56414
OFICINA;22/11/2023 14:16;CPN01PPV;User B;Microsoft Windows 10 Home Single Language;6144;3300;192.168.10.168;bf:36:40:5e:dc:78;Dell;v266;56627
Mobile TOYOTA ARAÇATUBA ;22/11/2023 14:18;cel-017d3a01b02f6b;User C;Android linux 12;3671;1516;192.168.10.169;c4:52:cc:a7:38:f4;HP;v267;56840
Mobile JEEP MARÍLIA;22/11/2023 14:36;cel g(6) play-fe8e7a6fae2d5f;User A;Android linux 9;2879;0;192.168.11.170;29:2f:78:7a:ea:da;Lenovo;v268;57053
Vendedor Externo - Campinas VVN00NPE17;22/11/2023 15:05;CPN00NPE;User B;Microsoft Windows 11 Pro;8192;2419;192.168.10.171;f1:78:c2:93:6b:1f;Dell;v269;57267
Mobile JEEP BAURU;22/11/2023 15:09;cel-f67b30bacf4aff;User A;Android linux 12;3671;1900;192.168.11.172;6f:cc:72:ea:76:7e;HP;v270;57480
Mobile FIAT RIO CLARO;22/11/2023 15:29;cel g82 5G-100dd666e3f376;User A;Android linux 12;5480;1651;192.168.11.173;43:54:57:e5:a5:be;Lenovo;v271;57693
Mobile FIAT RIO CLARO;22/11/2023 15:36;cel-24c82510f7f6dc;User B;Android linux 12;3671;1900;192.168.10.174;62:e6:b1:7f:dc:10;Dell;v272;57907
Estoque;22/11/2023 15:37;CPN00PPE;User C;Microsoft Windows 8.1 Pro;3072;2400;192.168.10.175;b9:d3:fd:66:b2:eb;HP;v273;58120
Mobile FIAT PRESIDENTE PRUDENTE ;22/11/2023 15:47;cel-fb0762b7af2558;User A;Android linux 12;3671;1900;192.168.11.176;e2:f2:19:0e:5c:5c;Lenovo;v274;58333
Acessórios;22/11/2023 16:06;CPN00NPE;User B;Microsoft Windows 11 Pro;5990;2301;192.168.10.177;69:34:b2:35:62:ce;Dell;v275;58547
POS VENDAS;22/11/2023 16:10;CPN01NPV;User C;Microsoft Windows 11 Pro;4096;1200;192.168.10.178;1c:f9:57:38:54:69;HP;v276;58760
GV - MKT;22/11/2023 16:12;CPN00NBC;User A;Microsoft Windows 11 Pro;8192;2592;192.168.11.179;d8:d4:a2:9b:79:1b;Lenovo;v277;58973
Mobile Toyota Lins;22/11/2023 16:15;cel-6857bf36407e33;User B;Android linux 12;3671;1900;192.168.10.180;17:64:1a:e5:cb:71;Dell;v278;59186
PV;22/11/2023 16:38;CPN01NPV;User C;Microsoft Windows 7 Professional;3072;2200;192.168.10.181;05:17:d5:a9:37:10;HP;v279;59400
OFICINA;22/11/2023 16:40;CPN07PPV;User A;Microsoft Windows 10 Pro;4096;3096;192.168.11.182;32:ed:1c:31:09:05;Lenovo;v280;59613
Vendedores;22/11/2023 16:52;CPN03PSR;User B;Microsoft Windows 11 Pro;4096;2808;192.168.10.183;38:9d:2b:a3:3b:5f;Dell;v281;59826
Mobile TOYOTA ARAÇATUBA ;22/11/2023 16:59;cel-5adfa0e1d37912;User A;Android linux 12;3671;1900;192.168.11.184;67:01:98:bd:8f:b2;HP;v282;60040
Seguros;22/11/2023 17:12;CPN00NSG;User A;Microsoft Windows 10 Home Single Language;4096;3300;192.168.11.185;cd:c5:8a:9e:3a:ad;Lenovo;v283;60253
Vendas;22/11/2023 17:13;WN06PSR;User B;Microsoft Windows 8.1 Pro;5485;3300;192.168.10.186;ba:88:ad:bc:59:31;Dell;v284;60466
Fiscal;22/11/2023 17:15;CPN00PFI;User C;Microsoft Windows 8.1 Pro;3551;2400;192.168.10.187;56:d5:49:87:22:9b;HP;v285;60680
Mobile JEEP RIO CLARO;22/11/2023 17:23;cel-523cfb7933bb33;User A;Android linux 12;3671;1900;192.168.11.188;bd:b1:34:31:66:0c;Lenovo;v286;60893
Mobile Fiat Rio Claro;22/11/2023 17:28;cel g(7) play-d724d3813252e6;User B;Android linux 10;1831;1804;192.168.10.189;98:fe:f9:5a:f8:ca;Dell;v287;61106
Mobile FIAT RIO CLARO;22/11/2023 17:50;cel g82 5G-4ed692e317a3a5;User C;Android linux 13;5481;1804;192.168.10.190;d1:11:b0:fa:4b:da;HP;v288;61319
CONSORCIO;22/11/2023 17:56;CPN00PCO;User A;Microsoft Windows 8.1 Single Language;6144;3300;192.168.11.191;b2:01:60:57:73:4f;Lenovo;v289;61533
Mobile FIAT RIO CLARO;22/11/2023 18:05;cel g(6) play-26015493e1f777;User B;Android linux 9;2879;1401;192.168.10.192;32:48:aa:ab:0f:54;Dell;v290;61746
Mobile TOYOTA JALES;22/11/2023 18:06;cel g(9) play-a20324a65ff546;User A;Android linux 11;3725;1804;192.168.11.193;87:18:69:71:be:38;HP;v291;61959
Mobile JEEP ARAÇATUBA ;22/11/2023 18:29;cel-c19eee016f6af4;User A;Android linux 12;3671;1900;192.168.11.194;1a:39:79:f7:07:62;Lenovo;v292;62173
Mobile JEEP ARAÇATUBA ;22/11/2023 18:37;cel g(9) play-183af243c7a8e1;User B;Android linux 11;3725;1420;192.168.11.196;3a:e9:7e:c7:77:5e;Dell;v293;62386
Mobile JEEP PRESIDENTE PRUDENTE ;22/11/2023 19:22;cel-d74ac4dc282991;User C;Android linux 12;3671;1900;192.168.11.197;83:b1:50:fc:cd:dd;HP;v294;62599
Mobile FIAT RIO CLARO;22/11/2023 19:49;cel g82 5G-a7d90f51dacc53;User A;Android linux 12;5480;1651;192.168.12.50;74:68:94:6e:50:be;Lenovo;v295;62813
Mobile JEEP RIO CLARO;22/11/2023 20:14;cel-6719d0dea00e7d;User B;Android linux 12;3671;1900;192.168.10.51;dc:d3:47:8f:06:e9;Dell;v296;63026
Mobile TOYOTA ARAÇATUBA;22/11/2023 20:42;cel g(9) play-da50160769acb6;User C;Android linux 10;3726;1804;192.168.10.52;3e:d2:4b:46:d9:13;HP;v297;63239
Mobile FIAT PIRASSUNUNGA;22/11/2023 21:30;cel g82 5G-5bbc3f1c08fcb2;User A;Android linux 13;5481;1804;192.168.12.53;18:43:b4:5f:9d:53;Lenovo;v298;63452
Mobile JEEP BAURU;22/11/2023 21:52;cel g82 5G-f3d98e81d34eba;User B;Android linux 12;5480;1804;192.168.10.54;d9:96:c7:08:14:20;Dell;v299;63666
Vendas;22/11/2023 23:43;CPN03PAV;User C;Microsoft Windows 11 Pro;4096;3600;192.168.10.55;9e:af:59:d5:f0:15;HP;v300;63879
ADM;23/11/2023 05:10;CPN04PSR;User A;Microsoft Windows 8.1 Single Language;4096;3500;192.168.12.56;4e:b4:b6:76:1b:43;Lenovo;v301;64092
Mobile FIAT RIO CLARO;23/11/2023 06:01;cel g82 5G-0337fefac826e8;User B;Android linux 13;5481;1804;192.168.10.57;be:5a:18:9c:9b:6c;Dell;v302;64306
Mobile FIAT RIO CLARO;23/11/2023 06:02;cel g82 5G-8acb19432b8b5f;User A;Android linux 13;5481;1804;192.168.12.58;9e:e7:e9:ed:b4:e6;HP;v303;64519
Mobile JEEP RIO CLARO ;23/11/2023 06:06;cel-0d8d76af746aa8;User A;Android linux 12;3671;1900;192.168.12.59;1e:7b:a5:b6:98:d4;Lenovo;v304;64732
Mobile JEEP BAURU;23/11/2023 06:14;cel-5ccc5ecfb05e85;User B;Android linux 12;3671;1900;192.168.10.60;f8:c2:5e:fb:ba:2e;Dell;v305;64946
Peças;23/11/2023 07:22;CPN00NPE;User C;Microsoft Windows 11 Pro;8192;2419;192.168.10.61;e2:97:74:f2:8a:5b;HP;v306;65159
Mobile FIAT PRESIDENTE PRUDENTE;23/11/2023 07:31;cel g(6) play-b3c98175e894a5;User A;Android linux 8.0.0;2874;1401;192.168.12.62;6a:f7:58:12:9d:09;Lenovo;v307;65372
POS VENDAS;23/11/2023 07:31;CPN01NPV;User B;Microsoft Windows 11 Pro;8192;2419;192.168.10.63;7d:35:37:cb:ca:f0;Dell;v308;65585
OFICINA;23/11/2023 07:34;CPN09PPV;User C;Microsoft Windows 7 Professional;3549;3203;192.168.10.64;c6:66:53:53:57:5b;HP;v309;65799
AUX . CONSULT. TEC.;23/11/2023 07:42;CPN07PCT;User A;Microsoft Windows 10 Pro;4096;3600;192.168.12.65;20:62:ee:4b:20:f2;Lenovo;v310;66012
AP;23/11/2023 07:43;CPN01PAP;User B;Microsoft Windows 11 Pro;4096;3600;192.168.10.66;0a:bc:8a:41:a3:e4;Dell;v311;66225
Consórcio;23/11/2023 07:44;CPN00PCO;User A;Microsoft Windows 7 Home Basic;6144;3100;192.168.12.67;3f:94:7c:cd:73:19;HP;v312;66439
TI;23/11/2023 07:45;CPN00NTI;User A;Microsoft Windows 10 Home Single Language;8192;2000;192.168.12.68;43:1d:97:f3:f9:a1;Lenovo;v313;66652
Secretária;23/11/2023 07:46;CPN00PMF;User B;Microsoft Windows 10 Pro;4096;3600;192.168.10.69;50:42:e8:3f:33:49;Dell;v314;66865
SEC VENDAS;23/11/2023 07:46;CPN04PAD;User C;Microsoft Windows 11 Pro;4096;3600;192.168.10.70;32:a6:70:44:1a:66;HP;v315;67079
CONSULTOR TECNICO;23/11/2023 07:47;CPN04PCT;User A;Microsoft Windows 7 Professional;8192;3300;192.168.12.71;0b:3b:ad:e1:32:e6;Lenovo;v316;67292
Consorcio;23/11/2023 07:48;CPN00PBC;User B;Microsoft Windows 7 Home Basic;4096;3100;192.168.10.72;09:78:a4:89:b2:01;Dell;v317;67505
GERENTE;23/11/2023 07:50;CPN04NPV;User C;Microsoft Windows 11 Pro;8192;2419;192.168.10.73;01:61:c9:45:be:94;HP;v318;67718
Vendas;23/11/2023 07:53;Viviani-;User A;Microsoft Windows 7 Professional;3036;2693;192.168.12.74;11:11:d1:3a:e2:f8;Lenovo;v319;67932
Mobile JEEP MARILIA;23/11/2023 07:55;cel-2de4bf6286b7f2;User B;Android linux 12;3671;1900;192.168.10.75;38:8b:77:c8:b6:ca;Dell;v320;68145
;23/11/2023 08:03;CPN08PCT;User C;Microsoft Windows 8.1 Pro;4096;3400;192.168.10.76;6e:94:8c:6c:94:2a;HP;v321;68358
Mobile FIAT PRESIDENTE PRUDENTE ;23/11/2023 08:04;cel-6721d367c3294b;User A;Android linux 12;3671;1900;192.168.12.77;cd:35:5a:81:73:a2;Lenovo;v322;68572
GARANTIA;23/11/2023 08:05;CPN09PAD;User B;Microsoft Windows 10 Pro;4096;2712;192.168.10.78;89:b3:67:33:3a:e0;Dell;v323;68785
Recepção;23/11/2023 08:06;CPN02PSG;User A;Microsoft Windows 8 Single Language;2048;3300;192.168.12.79;4a:ed:fc:d5:1c:e2;HP;v324;68998
Consultor Técnico;23/11/2023 08:06;CPN03NAD;User A;Microsoft Windows 10 Pro;4096;1992;192.168.12.80;d0:d0:42:ce:0c:c9;Lenovo;v325;69212
Mobile FIAT PRESIDENTE PRUDENTE ;23/11/2023 08:07;cel-dfa1d1837f3153;User B;Android linux 12;3671;1900;192.168.10.81;b6:f0:1d:6b:cd:a5;Dell;v326;69425
Mobile TOYOTA LINS;23/11/2023 08:08;cel g82 5G-ae6b147dc16cdc;User C;Android linux 12;5480;1804;192.168.10.82;13:2c:fe:9f:0f:6f;HP;v327;69638
VENDAS;23/11/2023 08:09;CPN05PSR;User A;Microsoft Windows 11 Pro;4096;3300;192.168.12.83;b4:33:1b:02:58:97;Lenovo;v328;69851
ENTREGA TECNICA;23/11/2023 08:10;CPN05PSR;User B;Microsoft Windows 11 Pro;4096;2808;192.168.10.84;34:ba:5c:0d:f3:ca;Dell;v329;70065
VENDAS;23/11/2023 08:11;CPN04PSR;User C;Microsoft Windows 8.1 Single Language;4096;3500;192.168.10.85;1f:1f:e1:8f:3b:c7;HP;v330;70278
CONSULTORES;23/11/2023 08:14;CPN03PCT;User A;Microsoft Windows 11 Pro;4096;3300;192.168.12.86;12:cd:c2:2c:e7:9e;Lenovo;v331;70491
CONSORCIO;23/11/2023 08:15;CPN00NCO;User B;Microsoft Windows 8.1 Single Language;4096;2101;192.168.10.87;4d:be:bd:bb:9f:80;Dell;v332;70705
Mobile FIAT RIO CLARO;23/11/2023 08:20;cel e5-8a02932fa3a67b;User A;Android linux 8.0.0;1858;1401;192.168.12.88;67:48:49:86:97:f8;HP;v333;70918
VENDAS;23/11/2023 08:22;CPN09PSR;User A;Microsoft Windows 7 Professional;4096;2900;192.168.12.89;e6:2b:43:32:37:4d;Lenovo;v334;71131
CONSULTOR TECNICO;23/11/2023 08:28;CPN02PPV;User B;Microsoft Windows 11 Pro;4096;3300;192.168.10.90;60:e5:3a:3d:fc:23;Dell;v335;71345
Mobile FIAT RIO CLARO;23/11/2023 08:36;cel-12e346ea9e7342;User C;Android linux 12;3671;1900;192.168.10.91;2a:15:33:28:9e:05;HP;v336;71558
Mobile FIAT PRESIDENTE PRUDENTE ;23/11/2023 08:37;cel-ff78b9272223ae;User A;Android linux 12;3671;1900;192.168.12.92;db:0a:29:99:3b:6e;Lenovo;v337;71771
Mobile FIAT PRESIDENTE PRUDENTE;23/11/2023 08:43;cel-9c1d9809ddc65e;User B;Android linux 12;3671;1900;192.168.10.93;a0:5d:2d:68:52:14;Dell;v338;71984
Mobile FIAT RIO CLARO;23/11/2023 08:46;cel e5-1acd4ae06c662d;User C;Android linux 8.0.0;1858;1401;192.168.10.94;d1:68:37:96:04:b7;HP;v339;72198
CONSULTOR TECNICO;23/11/2023 08:47;CPN11PSR;User A;Microsoft Windows 8.1 Pro;4096;3300;192.168.12.95;42:c8:af:39:7d:a9;Lenovo;v340;72411
VENDAS;23/11/2023 08:53;CPN00PSR;User B;Microsoft Windows 8.1 Single Language;4096;1600;192.168.10.96;f4:c4:ab:cf:28:c7;Dell;v341;72624
VENDEDOR;23/11/2023 08:54;CPN00PSR;User C;Microsoft Windows 11 Pro;4096;3300;192.168.10.97;69:9c:40:76:9d:56;HP;v342;72838
Mobile Toyota Jales;23/11/2023 08:54;cel-6d6525ee15422e;User A;Android linux 12;3671;1900;192.168.12.98;de:65:03:b7:56:e0;Lenovo;v343;73051
Mobile JEEP PRESIDENTE PRUDENTE ;23/11/2023 08:57;cel-ebad39aed2cb27;User B;Android linux 12;3671;1900;192.168.10.99;42:98:52:c3:8e:cc;Dell;v344;73264
DIRETORIA;23/11/2023 08:58;CPN00DI;User A;Microsoft Windows 11 Pro;8192;2419;192.168.12.120;fc:c5:d2:56:17:ac;HP;v345;73478
VENDAS;23/11/2023 08:58;CPN04PSR;User A;Microsoft Windows 7 Professional;3072;2992;192.168.12.121;d9:c6:2d:13:6c:e5;Lenovo;v346;73691
Mobile JEEP PRESIDENTE PRUDENTE ;23/11/2023 09:10;cel-29e573e957e163;User B;Android linux 12;3671;1900;192.168.10.102;92:1f:2a:33:cf:4f;Dell;v347;73904
Mobile TOYOTA ARAÇATUBA;23/11/2023 09:12;cel g(6) play-ba64bba10788ab;User C;Android linux 9;2879;1401;192.168.10.103;9c:53:48:84:3e:0b;HP;v348;74117
Mobile JEEP RIO CLARO;23/11/2023 09:20;cel-eba2bc10def925;User A;Android linux 12;3671;1900;192.168.12.124;ae:b0:c7:fd:19:c5;Lenovo;v349;74331
Estoque;23/11/2023 09:22;CPN00PPE;User B;Microsoft Windows 7 Professional;3061;2593;192.168.10.105;d7:6f:e6:95:c5:8d;Dell;v350;74544
Mesa de credito;23/11/2023 09:23;LAPTOP-CUAKLH;User C;Microsoft Windows 11 Pro;4096;1200;192.168.10.106;bc:b5:4e:dd:c9:ee;HP;v351;74757
CAIXA;23/11/2023 09:25;CPN04PAD;User A;Microsoft Windows 10 Pro;4096;3912;192.168.12.127;e1:e1:da:14:70:51;Lenovo;v352;74971
Diretoria;23/11/2023 09:27;CPN00NDI;User B;Microsoft Windows 11 Pro;16384;2803;192.168.10.108;7d:b1:f7:a6:e6:99;Dell;v353;75184
Mobile JEEP BAURU;23/11/2023 09:31;cel-ca07db277b7a88;User A;Android linux 12;3671;1900;192.168.12.129;23:7f:86:7a:ce:64;HP;v354;75397
SEC VENDAS;23/11/2023 09:37;CPN00NMF;User A;Microsoft Windows 10 Home Single Language;8192;2304;192.168.12.112;e2:f8:26:f4:4f:e2;Lenovo;v355;75611
CONSULTOR TECNICO;23/11/2023 09:38;CPN02PPV;User B;Microsoft Windows 7 Professional;3072;2925;192.168.10.111;03:34:60:3a:69:14;Dell;v356;75824
Acessórios;23/11/2023 09:44;CPN07PSR;User C;Microsoft Windows 11 Pro;4096;3600;192.168.10.112;8a:e8:f4:08:dc:bc;HP;v357;76037
Vendas;23/11/2023 09:52;Vivia;User A;Microsoft Windows 8.1 Pro;4096;3400;192.168.12.113;c3:a0:18:cf:e4:7d;Lenovo;v358;76250
Mobile TOYOTA ARAÇATUBA ;23/11/2023 09:53;cel-606eb2f3316cbf;User B;Android linux 12;3671;1900;192.168.10.114;72:58:55:bd:99:b4;Dell;v359;76464
MESA;23/11/2023 09:56;CPN00NSR;User C;Microsoft Windows 10 Pro;4096;1992;192.168.10.115;dc:af:e1:eb:20:59;HP;v360;76677
VENDAS;23/11/2023 09:58;CPN09PSR;User A;Microsoft Windows 11 Pro;4096;3600;192.168.12.116;39:a7:c5:78:fd:d8;Lenovo;v361;76890
VENDAS;23/11/2023 09:59;CPN03PSR;User B;Microsoft Windows 10 Pro;4096;3600;192.168.10.117;07:18:14:b9:3d:89;Dell;v362;77104
ESTOQUE;23/11/2023 10:01;CPN09PPE;User C;Microsoft Windows 10 Home Single Language;4096;3500;192.168.10.118;fd:49:6f:6e:15:f9;HP;v363;77317
Oficina;23/11/2023 10:01;CPN01NPV;User A;Microsoft Windows 10 Pro;4096;2304;192.168.12.119;54:84:c2:27:14:2d;Lenovo;v364;77530
CONSULTOR TECNICO;23/11/2023 10:01;CPN03PCT;User B;Microsoft Windows 10 Home Single Language;4096;3500;192.168.10.120;ef:8a:29:0c:64:cf;Dell;v365;77744
TI;23/11/2023 10:05;CPN00NTI;User A;Microsoft Windows 11 Pro;8192;2419;192.168.12.121;b3:4c:8a:7b:8c:4b;HP;v366;77957
SEGUROS;23/11/2023 10:10;CPN09PSR;User A;Microsoft Windows 8 Single Language;4096;3300;192.168.12.122;5c:24:17:50:77:93;Lenovo;v367;78170
Mobile Jeep Prudente;23/11/2023 10:11;cel g(9) play-fb30b1698737e0;User B;Android linux 11;3725;1804;192.168.10.123;3b:9a:d0:97:40:78;Dell;v368;78383
OFICINA;23/11/2023 10:12;CPN03NPV;User C;Microsoft Windows 7 Professional;3484;1500;192.168.10.124;7b:4c:92:8c:9a:d0;HP;v369;78597
OFICINA;23/11/2023 10:13;CPN03NPV;User A;Microsoft Windows 10 Pro;4096;1992;192.168.12.125;40:5d:4b:d1:f8:3d;Lenovo;v370;78810
CONSULTOR TECNICO;23/11/2023 10:14;CPN05PPV;User B;Microsoft Windows 11 Pro;4096;3600;192.168.10.126;5f:df:4e:f8:de:66;Dell;v371;79023
Mobile FIAT RIO CLARO;23/11/2023 10:15;cel g(9) play-91b7113f97dd24;User C;Android linux 11;3725;1804;192.168.10.127;d9:02:f6:cc:94:6e;HP;v372;79237
PEÇAS;23/11/2023 10:15;CPN01PPE;User A;Microsoft Windows 11 Pro;4096;3300;192.168.12.128;ed:db:80:6d:d0:b0;Lenovo;v373;79450
OFICINA;23/11/2023 10:24;CPN07PPV;User B;Microsoft Windows 10 Pro;4096;3600;192.168.10.129;b2:6f:dc:8f:46:cb;Dell;v374;79663
CONSULTOR TECNICO;23/11/2023 10:24;CPN01PCT;User A;Microsoft Windows 8.1 Pro;3061;2194;192.168.12.130;18:14:85:e5:b9:97;HP;v375;79877
SERVER;23/11/2023 10:25;SERVPABX;User A;Microsoft Windows Server 2012 R2 Standard;16384;2397;192.168.12.131;b6:01:a3:bb:30:f4;Lenovo;v376;80090
AGENDAMENTO;23/11/2023 10:25;CPN01PAP;User B;Microsoft Windows 10 Pro;4096;3912;192.168.10.132;00:cd:b7:20:0c:69;Dell;v377;80303
OFICINA;23/11/2023 10:26;CPN12PPV;User C;Microsoft Windows 8.1 Single Language;8192;2000;192.168.10.133;4a:10:d0:79:e4:34;HP;v378;80516
ADMINISTRAÇÃO;23/11/2023 10:26;CPN01PAD;User A;Microsoft Windows 8.1 Enterprise;4096;2793;192.168.12.134;07:33:21:bc:7b:61;Lenovo;v379;80730
FINANCEIRO;23/11/2023 10:26;CPN00NFN;User B;Microsoft Windows 10 Home Single Language;4096;2201;192.168.10.135;e8:3a:12:e2:6d:9b;Dell;v380;80943
CAIXA;23/11/2023 10:26;CPN09PAD;User C;Microsoft Windows 11 Pro;4096;3696;192.168.10.136;3d:dc:45:32:70:5f;HP;v381;81156
AVALIADOR;23/11/2023 10:27;CPN01PSR;User A;Microsoft Windows 7 Professional;3292;2933;192.168.12.137;6b:23:53:6a:ea:b2;Lenovo;v382;81370
Vendas;23/11/2023 10:27;CPN11PSR;User B;Microsoft Windows 11 Pro;4096;3600;192.168.10.138;32:1a:2e:b3:99:60;Dell;v383;81583
PEÇAS;23/11/2023 10:27;CPN01PES;User C;Microsoft Windows 8 Single Language;6144;3300;192.168.10.139;f8:0a:5f:d8:ad:23;HP;v384;81796
CONSULTOR TECNICO;23/11/2023 10:28;CPN06PCT;User A;Microsoft Windows 10 Pro;4096;3312;192.168.12.140;35:b2:dd:e1:b2:46;Lenovo;v385;82010
VENDAS;23/11/2023 10:28;CPN11PSR;User B;Microsoft Windows 8.1 Pro;3072;2600;192.168.10.141;d2:28:66:79:87:c5;Dell;v386;82223
RH;23/11/2023 10:28;CPN00NCO;User A;Microsoft Windows 10 Home Single Language;8192;2712;192.168.12.142;0c:b0:c6:8e:14:d5;HP;v387;82436
VENDAS;23/11/2023 10:28;CPN12PSR;User A;Microsoft Windows 11 Pro;4096;3600;192.168.12.143;cc:d2:8f:f8:91:ab;Lenovo;v388;82649
PEÇAS;23/11/2023 10:29;CPN09PPE;User B;Microsoft Windows 7 Professional;3072;2700;192.168.10.144;22:e4:97:de:d0:05;Dell;v389;82863
VENDAS;23/11/2023 10:29;CPN01PSR;User C;Microsoft Windows 10 Home Single Language;6144;3300;192.168.10.145;c9:47:6c:32:65:8c;HP;v390;83076
VENDAS;23/11/2023 10:30;CPN04PSR;User A;Microsoft Windows 10 Pro;4096;3600;192.168.12.146;34:f3:92:44:14:0b;Lenovo;v391;83289
GV - MKT;23/11/2023 10:30;CPN00PMK;User B;Microsoft Windows 8 Pro;6144;3300;192.168.10.147;51:fd:1d:a3:9d:1d;Dell;v392;83503
Mobile JEEP BAURU ;23/11/2023 10:30;cel-a1c9059b56ab84;User C;Android linux 12;3671;1900;192.168.10.148;9a:6f:cb:29:cd:78;HP;v393;83716
AGENDAMENTO;23/11/2023 10:30;CPN01PAP;User A;Microsoft Windows 10 Pro;4096;3912;192.168.12.149;d1:e9:13:ed:95:f3;Lenovo;v394;83929
PEÇAS;23/11/2023 10:30;CPN07PPE;User B;Microsoft Windows 11 Pro;4096;3600;192.168.10.150;2a:c9:1c:3b:ae:ce;Dell;v395;84143
PEÇAS;23/11/2023 10:30;CPN02FPES;User A;Microsoft Windows 10 Pro;3522;2095;192.168.12.151;87:02:64:9e:db:a9;HP;v396;84356
TI;23/11/2023 10:31;CPN00NTI;User A;Microsoft Windows 8.1 Single Language;8192;2201;192.168.12.152;cc:5d:6c:4e:23:ad;Lenovo;v397;84569
CONSULTOR TECNICO;23/11/2023 10:31;CPN09PCT;User B;Microsoft Windows 8 Professional Edition;4009;3592;192.168.10.153;62:94:0c:61:18:1a;Dell;v398;84782
ESTOQUE;23/11/2023 10:31;CPN00PPE;User C;Microsoft Windows 11 Pro;4096;3600;192.168.10.154;90:4b:99:71:b8:42;HP;v399;84996
CONSULTOR TECNICO;23/11/2023 10:31;CPN07PCT;User A;Microsoft Windows 10 Pro;4096;3600;192.168.12.155;ab:79:d0:5e:7d:4d;Lenovo;v400;85209
AGENDAMENTO;23/11/2023 10:31;CPN01PAP;User B;Microsoft Windows 10 Pro;4096;3912;192.168.10.156;91:7d:85:e6:d7:a2;Dell;v401;85422
VENDAS;23/11/2023 10:31;CPN04PSR;User C;Microsoft Windows 11 Pro;4096;3600;192.168.10.157;4d:29:49:df:2d:87;HP;v402;85636
ADMINISTRAÇÃO;23/11/2023 10:32;CPN01NAD;User A;Microsoft Windows 10 Home Single Language;6144;2000;192.168.12.158;57:20:68:0c:6d:a1;Lenovo;v403;85849
ESTOQUE;23/11/2023 10:32;CPN14PPE;User B;Microsoft Windows 11 Pro;4096;2808;192.168.10.159;24:49:55:6e:fd:a6;Dell;v404;86062
ACESSORIOS;23/11/2023 10:32;CPN12PSR;User C;Microsoft Windows 10 Pro;4096;3912;192.168.10.160;ab:3c:12:a5:a7:de;HP;v405;86276
RECEPÇÃO;23/11/2023 10:33;CPN06NSR;User A;Microsoft Windows 10 Pro;4096;1992;192.168.12.161;cc:c8:6b:3c:a3:4b;Lenovo;v406;86489
CONSULTOR TECNICO;23/11/2023 10:33;CPN11PCT;User B;Microsoft Windows 10 Home Single Language;4096;3696;192.168.10.162;bf:fc:17:d0:34:c8;Dell;v407;86702
PEÇAS;23/11/2023 10:33;CPN14PCT;User A;Microsoft Windows 11 Pro;4096;2808;192.168.12.163;7f:e7:8c:df:f6:e3;HP;v408;86915
VENDAS;23/11/2023 10:34;CPN00PMF;User A;Microsoft Windows 10 Pro;4096;3600;192.168.12.164;e4:de:de:b6:dc:c0;Lenovo;v409;87129
PEÇAS;23/11/2023 10:34;CPN00PCT;User B;Microsoft Windows 8.1;4096;2159;192.168.10.165;fb:ba:66:2a:cf:93;Dell;v410;87342
VENDAS;23/11/2023 10:34;CPN07PSR;User C;Microsoft Windows 11 Pro;4096;3600;192.168.10.166;b7:5d:22:3f:58:86;HP;v411;87555
AGENDAMENTO;23/11/2023 10:34;CPN01PAP;User A;Microsoft Windows 11 Pro;4096;2808;192.168.12.167;01:51:d5:db:e0:16;Lenovo;v412;87769
SEC VENDAS;23/11/2023 10:34;CPN14PAD;User B;Microsoft Windows 11 Pro;4096;2808;192.168.10.168;20:57:5c:28:d5:62;Dell;v413;87982
VENDAS;23/11/2023 10:34;CPN11PSR;User C;Microsoft Windows 10 Pro;4096;3912;192.168.10.169;ed:04:0f:da:b5:5f;HP;v414;88195
Fiscal;23/11/2023 10:34;CPN00PFI;User A;Microsoft Windows 10 Pro;4096;3912;192.168.12.170;14:8c:00:a5:b3:92;Lenovo;v415;88409
CAIXA;23/11/2023 10:34;CPN08PAD;User B;Microsoft Windows 8.1 Single Language;4096;2000;192.168.10.171;05:9e:4d:37:00:02;Dell;v416;88622
QUADRO AGENDAMENTO;23/11/2023 10:35;CPN12PCO;User A;Microsoft Windows 8 Pro;2048;2194;192.168.12.172;bf:4d:2e:3c:89:56;HP;v417;88835
CONSORCIO;23/11/2023 10:35;CPN01PCO;User A;Microsoft Windows 11 Pro;4096;3600;192.168.12.173;42:27:33:cc:f0:4b;Lenovo;v418;89048
DIRETORIA;23/11/2023 10:35;CPN01NDI;User B;Microsoft Windows 11 Pro;8192;1800;192.168.10.174;13:07:31:91:f5:04;Dell;v419;89262
ENTREGA TECNICA;23/11/2023 10:35;CPN04PSR;User C;Microsoft Windows 7 Home Basic;4096;3100;192.168.10.175;95:64:3e:8f:59:77;HP;v420;89475
VENDAS;23/11/2023 10:36;CPN04PSR;User A;Microsoft Windows 10 Home Single Language;4096;3500;192.168.12.176;b5:1d:1b:18:4d:0b;Lenovo;v421;89688
CAIXA;23/11/2023 10:36;CPN00PAD;User B;Microsoft Windows 10 Pro;4096;3912;192.168.10.177;fc:e0:73:ef:23:9a;Dell;v422;89902
CONSULTOR TECNICO;23/11/2023 10:36;CPN01PCT;User C;Microsoft Windows 10 Home Single Language;6144;3300;192.168.10.178;34:3c:ac:8b:bd:a4;HP;v423;90115
OFICINA;23/11/2023 10:37;CPN09PPV;User A;Microsoft Windows 7 Professional;3503;3500;192.168.12.179;cd:1e:85:da:03:f5;Lenovo;v424;90328
AVALIADOR;23/11/2023 10:37;CPN04PSR;User B;Microsoft Windows 10 Pro;4096;3912;192.168.10.180;ef:07:75:2b:41:b9;Dell;v425;90542
OFICINA;23/11/2023 10:37;CPN04PPV;User C;Microsoft Windows 10 Home Single Language;4096;3500;192.168.10.181;67:34:65:1c:cb:c1;HP;v426;90755
OFICINA;23/11/2023 10:37;CPN12PPV;User A;Microsoft Windows 10 Pro;4096;3900;192.168.12.182;56:cc:f9:c0:e4:96;Lenovo;v427;90968
CONSULTOR TECNICO;23/11/2023 10:37;CPN11PCT;User B;Microsoft Windows 8.1 Single Language;6144;3300;192.168.10.183;9a:84:5e:d8:a0:35;Dell;v428;91181
AVALIADOR;23/11/2023 10:37;CPN01PAP;User A;Microsoft Windows 10 Pro;4096;3600;192.168.12.184;7c:bb:87:e9:c4:c0;HP;v429;91395
SEGUROS;23/11/2023 10:38;CPN00PSG;User A;Microsoft Windows 8.1 Pro;3486;3300;192.168.12.185;12:f6:45:59:36:fd;Lenovo;v430;91608
OFICINA;23/11/2023 10:38;CPN07NPV;User B;Microsoft Windows 10 Pro;4096;2304;192.168.10.186;8a:1d:d7:d3:56:8f;Dell;v431;91821
PEÇAS;23/11/2023 10:38;CPN00PPE;User C;Microsoft Windows 7 Professional;3061;2593;192.168.10.187;a8:e5:37:f2:7f:dd;HP;v432;92035
GARANTIA;23/11/2023 10:38;CPN01PPV;User A;Microsoft Windows 7 Professional;4096;3600;192.168.12.188;de:aa:e1:32:6a:f2;Lenovo;v433;92248
FISCAL;23/11/2023 10:39;CPN00PFI;User B;Microsoft Windows 8.1;6144;3300;192.168.10.189;e7:8d:41:be:8f:72;Dell;v434;92461
VENDAS;23/11/2023 10:39;CPN08PSR;User C;Microsoft Windows 10 Home Single Language;4096;2000;192.168.10.190;c8:99:8c:e2:e2:95;HP;v435;92675
SEC VENDAS;23/11/2023 10:39;CPN03PAD;User A;Microsoft Windows 8.1 Single Language;4096;3500;192.168.12.191;db:fb:5f:93:9a:df;Lenovo;v436;92888
OFICINA;23/11/2023 10:39;CPN00PPV;User B;Microsoft Windows 8.1 Pro;3072;2936;192.168.10.192;ed:84:4f:23:b9:63;Dell;v437;93101
SERVER;23/11/2023 10:39;SERV;User A;Microsoft Windows Server 2012 R2 Standard;32768;1898;192.168.12.193;e6:49:49:03:03:9c;HP;v438;93314
VENDAS;23/11/2023 10:40;CPN09PSR;User A;Microsoft Windows 11 Pro;4096;3600;192.168.12.194;96:da:58:d4:ac:1c;Lenovo;v439;93528
CONSORCIO;23/11/2023 10:40;CPN11PSR;User B;Microsoft Windows 10 Pro;4096;3900;192.168.12.198;bb:59:bf:a7:13:ed;Dell;v440;93741
VENDAS;23/11/2023 10:40;CPN09PSR;User C;Microsoft Windows 10 Pro;4096;3912;192.168.12.199;dd:2f:0b:03:4f:fd;HP;v441;93954
Vendedora;23/11/2023 10:40;CPN04PSR;User A;Microsoft Windows 10 Pro;8192;3600;192.168.13.50;75:47:6f:5e:ba:f4;Lenovo;v442;94168
RH;23/11/2023 10:40;CPN00PRH;User B;Microsoft Windows 10 Pro;4096;3600;192.168.10.51;c3:64:1f:f4:62:4a;Dell;v443;94381
VENDAS;23/11/2023 10:40;CPN06PSR;User C;Microsoft Windows 8 Single Language;6144;3300;192.168.10.52;22:f5:6e:55:ab:6e;HP;v444;94594
RECEPÇÃO;23/11/2023 10:40;CPN01PSR;User A;Microsoft Windows 8.1 Pro;3072;2600;192.168.13.53;91:8b:28:70:79:9a;Lenovo;v445;94808
AGENDAMENTO;23/11/2023 10:41;CPN01PAP;User B;Microsoft Windows 10 Pro;4096;3912;192.168.10.54;b1:65:22:1c:35:8d;Dell;v446;95021
VENDAS;23/11/2023 10:41;CPN07PSR;User C;Microsoft Windows 10 Pro;4096;3600;192.168.10.55;18:10:9e:6a:af:08;HP;v447;95234
CONSULTOR TECNICO;23/11/2023 10:41;CPN02PPV;User A;Microsoft Windows 8.1 Single Language;6144;3300;192.168.13.56;b4:7f:89:60:fc:61;Lenovo;v448;95447
F&I;23/11/2023 10:42;CPN00PMC;User B;Microsoft Windows 8.1 Single Language;4096;2593;192.168.10.57;b8:7d:55:d4:bc:1c;Dell;v449;95661
VENDAS;23/11/2023 10:42;CPN05PSR;User A;Microsoft Windows 11 Pro;4096;2808;192.168.13.58;ca:56:5a:d2:96:72;HP;v450;95874
RECEPÇÃO;23/11/2023 10:42;CPN09NSR;User A;Microsoft Windows 10 Pro;3538;2501;192.168.13.59;3e:ea:03:95:19:a3;Lenovo;v451;96087
VENDAS;23/11/2023 10:43;CPN12PSR;User B;Microsoft Windows 7 Professional;4096;3100;192.168.10.60;3a:15:c1:c6:1d:63;Dell;v452;96301
PEÇAS;23/11/2023 10:43;CPN01PPE;User C;Microsoft Windows 10 Pro;4096;3912;192.168.10.61;0d:d1:a5:1f:1b:56;HP;v453;96514
VENDAS;23/11/2023 10:43;CPN03PSR;User A;Microsoft Windows 11 Pro;4096;3600;192.168.13.62;1d:ba:da:4c:c5:c7;Lenovo;v454;96727
VENDAS;23/11/2023 10:43;CPN08PSR;User B;Microsoft Windows 8.1 Single Language;4096;3500;192.168.10.63;7a:ec:32:21:14:9c;Dell;v455;96941
Consultor de vendas;23/11/2023 10:43;CPN07PSR;User C;Microsoft Windows 11 Pro;4096;3300;192.168.10.64;a8:26:5a:d9:13:d4;HP;v456;97154
GERENTE PÓS VENDAS;23/11/2023 10:44;CPN02PPV;User A;Microsoft Windows 10 Pro;8192;2304;192.168.13.65;40:33:fa:f6:3d:48;Lenovo;v457;97367
PEÇAS;23/11/2023 10:44;CPN09PPE;User B;Microsoft Windows 8.1 Single Language;6144;3293;192.168.10.66;4b:c4:29:50:57:e4;Dell;v458;97580
CONSULTOR TECNICO;23/11/2023 10:44;CPN12PCT;User A;Microsoft Windows 8 Professional Edition;3991;3912;192.168.13.67;bd:0f:dd:b3:26:f6;HP;v459;97794
OFICINA;23/11/2023 10:44;CPN08PPV;User A;Microsoft Windows 8.1 Single Language;4096;2000;192.168.13.68;45:bf:34:6e:90:81;Lenovo;v460;98007
FINANCEIRO;23/11/2023 10:45;CPN00PFN;User B;Microsoft Windows 8.1 Single Language;6144;3300;192.168.10.69;db:53:b1:c5:24:1f;Dell;v461;98220
SEGUROS;23/11/2023 10:45;CPN01PSG;User C;Microsoft Windows 8.1 Single Language;3551;2400;192.168.10.70;9d:be:22:fd:49:c6;HP;v462;98434
TI;23/11/2023 10:45;CPN00NTI;User A;Microsoft Windows 10 Home Single Language;8192;2712;192.168.13.71;6a:fc:63:b6:23:8a;Lenovo;v463;98647
GERENTE DE VENDAS;23/11/2023 10:45;CPN01NSR;User B;Microsoft Windows 10 Home Single Language;4096;2000;192.168.10.72;77:e5:a6:b0:20:fd;Dell;v464;98860
CONSORCIO;23/11/2023 10:46;CPN04PCO;User C;Microsoft Windows 10 Pro;4096;3912;192.168.10.73;06:6e:c7:a1:0e:81;HP;v465;99074
CONSULTOR TECNICO;23/11/2023 10:46;CPN01PCT;User A;Microsoft Windows 8.1 Single Language;6144;2400;192.168.13.74;b4:d3:c8:0c:da:57;Lenovo;v466;99287
Mobile FIAT PIRASSUNUNGA ;23/11/2023 10:47;cel g(9) play-582715326bddfc;User B;Android linux 11;3725;1804;192.168.10.75;69:8f:82:bc:85:e5;Dell;v467;99500
AVALIADOR;23/11/2023 10:48;CPN09PSR;User C;Microsoft Windows 10 Pro;3522;2095;192.168.10.76;42:5f:c0:f3:04:fd;HP;v468;99713
ENTREGA TECNICA;23/11/2023 10:48;CPN00PSR;User A;Microsoft Windows 7 Professional;6144;3300;192.168.13.77;ac:49:38:96:44:63;Lenovo;v469;99927
SEC VENDAS;23/11/2023 10:48;CPN07PAD;User B;Microsoft Windows 11 Pro;4096;3600;192.168.10.78;7a:7d:60:6a:43:92;Dell;v470;100140
CONTABILIDADE;23/11/2023 10:48;CPN00NCN;User A;Microsoft Windows 10 Home Single Language;8192;2000;192.168.13.79;36:cb:4f:cc:e8:67;HP;v471;100353
PEÇAS;23/11/2023 10:48;CPN12PCT;User A;Microsoft Windows 10 Pro;4096;3912;192.168.13.80;07:e7:08:ac:3e:61;Lenovo;v472;100567
GERENTE PEÇAS;23/11/2023 10:49;CPN00NPV;User B;Microsoft Windows 10 Pro;4096;2304;192.168.10.81;d7:26:21:98:50:f8;Dell;v473;100780
CAIXA;23/11/2023 10:49;CPN03PAD;User C;Microsoft Windows 7 Home Basic;6144;3300;192.168.10.82;cd:b4:7f:53:bf:3d;HP;v474;100993
PEÇAS;23/11/2023 10:49;CPN09PPE;User A;Microsoft Windows 8 Single Language;6144;3300;192.168.13.83;e3:e4:a7:e8:39:0d;Lenovo;v475;101207
Mobile FIAT RIO CLARO (EXTERNO);23/11/2023 10:49;cel g(6) play-453c7f3f8de140;User B;Android linux 8.0.0;2882;1401;192.168.10.84;1d:0f:9f:2b:01:bf;Dell;v476;101420
PEÇAS;23/11/2023 10:49;CPN01PPE;User C;Microsoft Windows 10 Home Single Language;6144;3300;192.168.10.85;47:75:7f:47:b7:b1;HP;v477;101633
VENDAS;23/11/2023 10:50;CPN04PSR;User A;Microsoft Windows 8.1 Single Language;4096;3500;192.168.13.86;d2:14:26:b6:ca:d9;Lenovo;v478;101846
VENDAS;23/11/2023 10:50;CPN01PSR;User B;Microsoft Windows 10 Home Single Language;6144;3300;192.168.10.87;e9:22:b5:7d:d7:d7;Dell;v479;102060
Oficina;23/11/2023 10:50;CPN00NPV;User A;Microsoft Windows 8.1 Single Language;4096;1701;192.168.13.88;77:3e:84:9c:89:d6;HP;v480;102273
SEGUROS;23/11/2023 10:51;CPN00PSG;User A;Microsoft Windows 10 Pro;4096;3600;192.168.13.89;c1:9b:6a:41:61:d3;Lenovo;v481;102486
CONSORCIO;23/11/2023 10:51;CPN01PCO;User B;Microsoft Windows 10 Home Single Language;4096;2701;192.168.10.90;93:af:82:b0:4a:47;Dell;v482;102700
ENTREGA TECNICA;23/11/2023 10:51;CPN09PCO;User C;Microsoft Windows 11 Pro;4096;3600;192.168.10.91;38:81:67:16:aa:7e;HP;v483;102913
VENDAS;23/11/2023 10:51;CPN07PSR;User A;Microsoft Windows 8 Professional Edition;3981;3600;192.168.13.92;00:74:06:0b:5e:f6;Lenovo;v484;103126
OFICINA;23/11/2023 10:51;CPN11PPV;User B;Microsoft Windows 10 Pro;4096;3900;192.168.10.93;70:85:82:b4:95:fb;Dell;v485;103340
GV - MKT;23/11/2023 10:52;CPN00PMK;User C;Microsoft Windows 10 Pro;24576;2904;192.168.10.94;f9:4b:e4:dc:e0:ba;HP;v486;103553
OFICINA;23/11/2023 10:52;CPN07NPV;User A;Microsoft Windows 10 Pro;4096;2304;192.168.13.95;72:bf:8c:f3:31:06;Lenovo;v487;103766
VENDAS;23/11/2023 10:52;CPN04PCO;User B;Microsoft Windows 8.1 Pro;2048;2194;192.168.10.96;23:38:9d:3f:9a:ec;Dell;v488;103979
VENDAS;23/11/2023 10:53;CPN01PSR;User C;Microsoft Windows 10 Pro;4096;3912;192.168.10.97;7a:0a:c8:28:fd:95;HP;v489;104193
ENTREGA TECNICA;23/11/2023 10:53;CPN00PSR;User A;Microsoft Windows 7 Home Basic;6144;3300;192.168.13.98;3f:87:6f:63:20:0c;Lenovo;v490;104406
SEC VENDAS;23/11/2023 10:53;CPN00PMF;User B;Microsoft Windows 11 Pro;4096;2808;192.168.10.99;90:5a:00:0a:ce:dd;Dell;v491;104619
VENDAS;23/11/2023 10:53;CPN02PSR;User A;Microsoft Windows 8.1 Pro;6144;3300;192.168.13.130;d1:3a:26:b0:d3:7f;HP;v492;104833
VENDAS;23/11/2023 10:53;CPN03PSR;User A;Microsoft Windows 8.1 Single Language;4096;3500;192.168.13.131;42:c4:2d:90:06:ab;Lenovo;v493;105046
SEGUROS;23/11/2023 10:54;CPN11PSR;User B;Microsoft Windows 10 Pro;4096;3912;192.168.10.102;04:35:18:47:2f:32;Dell;v494;105259
PEÇAS;23/11/2023 10:54;CPN03PPE;User C;Microsoft Windows 8.1 Single Language;4096;3500;192.168.10.103;22:13:89:85:00:30;HP;v495;105473
FINANCEIRO;23/11/2023 10:54;CPN00NFN;User A;Microsoft Windows 10 Home Single Language;8192;1992;192.168.13.134;5e:64:6b:27:be:46;Lenovo;v496;105686
CAIXA;23/11/2023 10:54;CPN06PAD;User B;Microsoft Windows 10 Home;4096;3300;192.168.10.105;d1:81:ad:5e:9b:70;Dell;v497;105899
SEC VENDAS;23/11/2023 10:54;CPN00PAD;User C;Microsoft Windows 8.1 Single Language;6144;3300;192.168.10.106;6a:f0:f2:35:2e:2a;HP;v498;106112
PEÇAS;23/11/2023 10:55;CPN03PPE;User A;Microsoft Windows 10 Pro;3522;2095;192.168.13.137;cc:fe:b4:b4:6a:fd;Lenovo;v499;106326
VENDAS;23/11/2023 10:55;CPN05PSR;User B;Microsoft Windows 11 Pro;4096;2808;192.168.10.108;c2:75:37:74:f5:1d;Dell;v500;106539
CAIXA;23/11/2023 10:55;CPN02PAD;User A;Microsoft Windows 11 Pro;4096;3600;192.168.13.139;03:04:dd:d8:c4:91;HP;v501;106752
TREINAMENTO;23/11/2023 10:55;CPN00FNPV;User A;Microsoft Windows 8.1;4096;1500;192.168.13.113;89:f0:b7:2b:a1:2f;Lenovo;v502;106966
AGENDAMENTO;23/11/2023 10:55;CPN01PAP;User B;Microsoft Windows 10 Pro;4096;3912;192.168.10.111;90:41:82:89:23:51;Dell;v503;107179
AGENDAMENTO;23/11/2023 10:55;CPN01PAP;User C;Microsoft Windows 10 Pro;4096;3912;192.168.10.112;78:d9:0f:09:ee:95;HP;v504;107392
MESA;23/11/2023 10:56;CPN00NMA;User A;Microsoft Windows 10 Pro;4096;2304;192.168.13.113;75:cd:cf:c0:51:1e;Lenovo;v505;107606
Acessórios;23/11/2023 10:56;CPN07PSR;User B;Microsoft Windows 10 Pro;4096;3912;192.168.10.114;4c:f8:44:7c:62:e4;Dell;v506;107819
CONSULTOR TECNICO;23/11/2023 10:56;CPN01PCT;User C;Microsoft Windows 8.1 Pro;3072;2600;192.168.10.115;0c:7c:56:87:e4:d5;HP;v507;108032
AVALIADOR;23/11/2023 10:57;CPN02PSR;User A;Microsoft Windows 11 Pro;4096;3600;192.168.13.116;9c:b0:d0:22:c4:d6;Lenovo;v508;108245
ENTREGA TECNICA;23/11/2023 10:57;CPN00PSR;User B;Microsoft Windows 8.1 Pro;6144;3300;192.168.10.117;00:b5:b1:99:8e:ae;Dell;v509;108459
VENDAS;23/11/2023 10:57;CPN11PSR;User C;Microsoft Windows 11 Pro;4096;3600;192.168.10.118;d9:83:be:0c:4f:c8;HP;v510;108672
SERVER;23/11/2023 10:57;SERVA;User A;Microsoft Windows Server 2012 R2 Standard;32768;1898;192.168.13.119;20:7a:82:e1:01:8b;Lenovo;v511;108885
VENDAS;23/11/2023 10:58;CPN12PSR;User B;Microsoft Windows 10 Pro;4096;3600;192.168.10.120;74:7c:78:72:0b:74;Dell;v512;109099
GERENTE DE VENDAS;23/11/2023 10:58;CPN03NSR;User A;Microsoft Windows 10 Pro;8192;2304;192.168.13.121;a0:3d:64:36:e4:45;HP;v513;109312
GERENTE DE VENDAS;23/11/2023 10:58;CPN14NSR;User A;Microsoft Windows 10 Pro;4096;2304;192.168.13.122;54:81:d2:fa:57:d3;Lenovo;v514;109525
SEGUROS;23/11/2023 10:58;CPN12PSG;User B;Microsoft Windows 7 Professional;6144;3300;192.168.10.123;fb:36:5b:bb:09:46;Dell;v515;109739
VENDAS;23/11/2023 10:58;CPN00PSR;User C;Microsoft Windows 10 Pro;3522;2095;192.168.10.124;29:b7:24:3a:0f:a4;HP;v516;109952
AVALIADOR;23/11/2023 10:59;CPN11PSR;User A;Microsoft Windows 8.1 Single Language;4096;3600;192.168.13.125;14:f6:a4:7e:b2:1b;Lenovo;v517;110165
CONSULTOR TECNICO;23/11/2023 11:00;CPN04PCT;User B;Microsoft Windows 8.1 Pro;4096;3500;192.168.10.126;83:26:38:75:9c:7c;Dell;v518;110378
VENDAS;23/11/2023 11:00;CPN07PSR;User C;Microsoft Windows 10 Pro;4096;3600;192.168.10.127;28:ea:7e:ef:fa:82;HP;v519;110592
VENDAS;23/11/2023 11:01;CPN01PSR;User A;Microsoft Windows 10 Home Single Language;6144;3300;192.168.13.128;ac:35:7e:b5:7a:52;Lenovo;v520;110805
CONSULTOR TECNICO;23/11/2023 11:02;CPN08PCT;User B;Microsoft Windows 10 Home Single Language;3551;2400;192.168.10.129;cb:2a:cb:55:bb:ac;Dell;v521;111018
TI;23/11/2023 11:02;CPN00NTI;User A;Microsoft Windows 10 Pro;8192;2304;192.168.13.130;f1:1b:95:6a:81:b0;HP;v522;111232
VENDAS;23/11/2023 11:03;CPN04PSR;User A;Microsoft Windows 10 Pro;4096;3408;192.168.13.131;32:e8:8f:b3:d3:57;Lenovo;v523;111445
CONSULTOR TECNICO;23/11/2023 11:03;CPN12PCT;User B;Microsoft Windows 8 Pro;3537;3600;192.168.10.132;23:78:23:1e:1c:90;Dell;v524;111658
PEÇAS;23/11/2023 11:03;CPN00NPE;User C;Microsoft Windows 10 Pro;4096;2304;192.168.10.133;c4:fd:0a:af:1e:18;HP;v525;111872
VENDAS;23/11/2023 11:03;CPN02PSR;User A;Microsoft Windows 8.1 Single Language;4096;3300;192.168.13.134;ad:12:fc:33:cb:79;Lenovo;v526;112085
Mobile JEEP ARAÇATUBA ;23/11/2023 11:04;cel-c51b3e425b1a38;User B;Android linux 12;3671;1900;192.168.10.135;fc:dc:d3:54:55:bf;Dell;v527;112298
SEGUROS;23/11/2023 11:04;CPN04PSG;User C;Microsoft Windows 8 Professional Edition;4004;3912;192.168.10.136;40:2e:76:55:14:5a;HP;v528;112511
VENDAS;23/11/2023 11:04;CPN04PSR;User A;Microsoft Windows 10 Pro;4096;3912;192.168.13.137;08:bd:7d:45:69:74;Lenovo;v529;112725
RECEPÇÃO;23/11/2023 11:05;CPN05PSR;User B;Microsoft Windows 10 Pro;4096;2808;192.168.10.138;36:c4:fb:b6:85:20;Dell;v530;112938
CAIXA;23/11/2023 11:05;CPN07PAD;User C;Microsoft Windows 11 Pro;4096;3600;192.168.10.139;d8:66:15:1e:14:9b;HP;v531;113151
FISCAL;23/11/2023 11:05;CPN00PFI;User A;Microsoft Windows 10 Pro;4096;3912;192.168.13.140;67:ea:92:54:38:4f;Lenovo;v532;113365
VENDAS;23/11/2023 11:06;CPN12PSR;User B;Microsoft Windows 8 Pro;6144;3300;192.168.10.141;96:f0:6f:f2:51:ba;Dell;v533;113578
AVALIADOR;23/11/2023 11:06;CPN00PAV;User A;Microsoft Windows 11 Pro;4096;3600;192.168.13.142;bf:a8:14:c5:da:30;HP;v534;113791
OFICINA;23/11/2023 11:06;CPN04NPV;User A;Microsoft Windows 8.1 Single Language;4096;1700;192.168.13.143;76:95:52:ba:48:e7;Lenovo;v535;114005
VENDAS;23/11/2023 11:06;CPN06PSR;User B;Microsoft Windows 8 Pro;3483;3300;192.168.10.144;71:24:c6:9d:e4:5f;Dell;v536;114218
SUPERVISOR CONSORCIO;23/11/2023 11:07;CPN01TN00;User C;Microsoft Windows 8.1 Pro;4096;1701;192.168.10.145;00:d1:dd:1f:c7:ef;HP;v537;114431
VENDAS;23/11/2023 11:07;CPN08PSR;User A;Microsoft Windows 8;3984;2000;192.168.13.146;42:08:c9:b5:75:dd;Lenovo;v538;114644
VENDAS;23/11/2023 11:07;CPN12PSR;User B;Microsoft Windows 10 Pro;4096;3600;192.168.10.147;fe:28:a3:63:ee:1c;Dell;v539;114858
GERENTE DE VENDAS;23/11/2023 11:07;CPN02NAD;User C;Microsoft Windows 10 Pro;4096;2304;192.168.10.148;f8:05:00:01:75:33;HP;v540;115071
Garantia;23/11/2023 11:08;CPN00NPV;User A;Microsoft Windows 10 Home Single Language;4096;1701;192.168.13.149;79:6e:e1:a9:91:fe;Lenovo;v541;115284
Mobile JEEP ARAÇATUBA ;23/11/2023 11:08;cel-b125dbead2b0e8;User B;Android linux 12;3671;1900;192.168.10.150;3a:27:b0:8a:f5:7f;Dell;v542;115498
AGENDAMENTO;23/11/2023 11:08;CPN01PAP;User A;Microsoft Windows 8.1 Single Language;6144;3300;192.168.13.151;fd:3f:83:c4:02:83;HP;v543;115711
GERENTE DE VENDAS;23/11/2023 11:08;CPN00NSG;User A;Microsoft Windows 10 Home Single Language;8192;2000;192.168.13.152;35:5d:a2:cf:3a:de;Lenovo;v544;115924
ESTOQUE;23/11/2023 11:09;CPN00PPE;User B;Microsoft Windows 7 Professional;3072;2992;192.168.10.153;78:ef:26:ab:27:46;Dell;v545;116138
Fiscal;23/11/2023 11:09;CPN00PFI;User C;Microsoft Windows 11 Pro;4096;3600;192.168.10.154;64:a1:37:57:88:26;HP;v546;116351
VENDAS;23/11/2023 11:09;CPN04PCT;User A;Microsoft Windows 10 Pro;4096;3912;192.168.13.155;75:38:2b:60:6c:5a;Lenovo;v547;116564
PEÇAS;23/11/2023 11:09;CPN13TPVP;User B;Microsoft Windows 7 Home Premium;4096;2300;192.168.10.156;71:e5:a3:81:8e:68;Dell;v548;116777
GERENTE DE VENDAS;23/11/2023 11:09;CPN11NSR;User C;Microsoft Windows 10 Pro;8192;2304;192.168.10.157;b3:63:90:84:3c:c1;HP;v549;116991
VENDAS;23/11/2023 11:09;CPN01PSR;User A;Microsoft Windows 8 Single Language;6144;3300;192.168.13.158;3b:51:76:30:8f:64;Lenovo;v550;117204
VENDAS;23/11/2023 11:10;CPN00PSR;User B;Microsoft Windows 10 Pro;4096;3912;192.168.10.159;2d:7d:6c:cd:9c:ae;Dell;v551;117417
ACESSORIOS;23/11/2023 11:10;CPN07PSR;User C;Microsoft Windows 11 Pro;4096;3600;192.168.10.160;a5:ed:89:5a:68:4e;HP;v552;117631
SEC VENDAS;23/11/2023 11:10;CPN12PAD;User A;Microsoft Windows 10 Home Single Language;6144;3300;192.168.13.161;8e:fe:29:14:08:a1;Lenovo;v553;117844
PEÇAS;23/11/2023 11:11;CPN12JPVP;User B;Microsoft Windows 8 Pro;3537;3600;192.168.10.162;a1:dd:a0:aa:7b:9c;Dell;v554;118057
BDC/CRM;23/11/2023 11:11;CPN00PBC;User A;Microsoft Windows 10 Pro;4096;3696;192.168.13.163;33:56:a4:ce:a7:1e;HP;v555;118271
VENDAS;23/11/2023 11:11;CPN02PAD;User A;Microsoft Windows 7 Home Basic;4096;3100;192.168.13.164;ae:6d:75:87:3e:7d;Lenovo;v556;118484
PEÇAS;23/11/2023 11:12;CPN00PPE;User B;Microsoft Windows 7 Professional;3292;2600;192.168.10.165;4d:4a:18:03:fc:81;Dell;v557;118697
GARANTIA;23/11/2023 11:12;CPN01PPV;User C;Microsoft Windows 8.1 Pro;6144;2400;192.168.10.166;df:e3:b3:6f:85:6f;HP;v558;118910
PEÇAS;23/11/2023 11:13;CPN01PPE;User A;Microsoft Windows 11 Pro;4096;3600;192.168.13.167;30:08:31:b8:0a:fa;Lenovo;v559;119124
VENDAS;23/11/2023 11:13;CPN00PSR;User B;Microsoft Windows 8.1 Single Language;6144;3300;192.168.10.168;30:8f:f6:3b:0e:9a;Dell;v560;119337
VENDAS;23/11/2023 11:13;CPN00PSR;User C;Microsoft Windows 10 Pro;4096;3600;192.168.10.169;7c:bd:f1:a7:ea:63;HP;v561;119550
RECEPÇÃO;23/11/2023 11:13;CPN00NSR;User A;Microsoft Windows 7 Professional;3072;2394;192.168.13.170;8c:8e:be:8b:3e:9b;Lenovo;v562;119764
OFICINA;23/11/2023 11:13;CPN00PPV;User B;Microsoft Windows 7 Home Basic;2981;3300;192.168.10.171;9e:3f:dd:19:3a:ad;Dell;v563;119977
AGENDAMENTO;23/11/2023 11:13;CPN01PAP;User A;Microsoft Windows 10 Pro;4096;3600;192.168.13.172;77:bd:17:37:0a:81;HP;v564;120190
CONSORCIO;23/11/2023 11:13;CPN12JNCO0;User A;Microsoft Windows 7 Home Premium;4096;2533;192.168.13.173;a0:52:3f:5d:6e:f3;Lenovo;v565;120404
PECAS;23/11/2023 11:13;CPN00PPE;User B;Microsoft Windows 10 Pro;4096;3600;192.168.10.174;fb:c7:60:4f:1c:32;Dell;v566;120617
PEÇAS;23/11/2023 11:13;CPN07PPE;User C;Microsoft Windows 11 Pro;4096;3600;192.168.10.175;40:74:a9:30:65:25;HP;v567;120830
OFICINA;23/11/2023 11:13;CPN02PPV;User A;Microsoft Windows 10 Pro;4096;3600;192.168.13.176;af:6a:68:d2:5d:c7;Lenovo;v568;121043
PEÇAS;23/11/2023 11:14;CPN02PPE;User B;Microsoft Windows 8.1 Pro;8192;3400;192.168.10.177;a8:0f:de:2e:d9:d8;Dell;v569;121257
ACESSÓRIOS;23/11/2023 11:14;CPN14PSG;User C;Microsoft Windows 11 Pro;4096;2808;192.168.10.178;1c:4a:f7:af:aa:01;HP;v570;121470
VENDAS;23/11/2023 11:15;CPN14PSR;User A;Microsoft Windows 10 Pro;4096;3600;192.168.13.179;79:9e:98:52:8d:bb;Lenovo;v571;121683
ENTREGA TECNICA;23/11/2023 11:15;CPN11PSR;User B;Microsoft Windows 10 Home Single Language;4096;1700;192.168.10.180;27:c9:f8:ea:fa:a6;Dell;v572;121897
ACESSORIOS;23/11/2023 11:16;CPN12PSR;User C;Microsoft Windows 11 Pro;4096;3600;192.168.10.181;bc:38:a9:7e:89:57;HP;v573;122110
PEÇAS;23/11/2023 11:17;CPN00NPE;User A;Microsoft Windows 8;4096;1500;192.168.13.182;ce:32:24:58:25:1c;Lenovo;v574;122323
VENDAS;23/11/2023 11:17;CPN12PSR;User B;Microsoft Windows 8.1 Pro;2048;3300;192.168.10.183;bc:ab:da:09:c0:02;Dell;v575;122537
GERENTE DE VENDAS;23/11/2023 11:17;CPN07NSR;User A;Microsoft Windows 10 Home Single Language;4096;2000;192.168.13.184;45:39:0c:b6:7a:30;HP;v576;122750
VENDAS;23/11/2023 11:17;CPN01PSR;User A;Microsoft Windows 8.1 Single Language;6144;3300;192.168.13.185;b6:a1:12:6f:43:0d;Lenovo;v577;122963
Mobile JEEP BAURU;23/11/2023 11:18;cel-9e113beaa48d6e;User B;Android linux 12;3671;1900;192.168.10.186;7e:b5:01:3e:97:c9;Dell;v578;123176
PEÇAS;23/11/2023 11:18;CPN04PPE;User C;Microsoft Windows 8.1 Pro;4096;3500;192.168.10.187;88:93:93:95:23:62;HP;v579;123390
PEÇAS;23/11/2023 11:18;CPN04PPV;User A;Microsoft Windows 10 Pro;4096;3912;192.168.13.188;a8:1a:88:9b:d3:6e;Lenovo;v580;123603
FISCAL;23/11/2023 11:18;CPN00NFI;User B;Microsoft Windows 10 Pro;12288;2304;192.168.10.189;d5:ea:75:52:0c:ee;Dell;v581;123816
PEÇAS;23/11/2023 11:18;CPN08PPE;User C;Microsoft Windows 8.1 Single Language;2960;2000;192.168.10.190;d0:02:4a:82:23:1e;HP;v582;124030
GERENTE DE VENDAS;23/11/2023 11:19;CPN06NSR;User A;Microsoft Windows 10 Pro;8192;2304;192.168.13.191;85:33:b1:6a:a4:be;Lenovo;v583;124243
AGENDAMENTO;23/11/2023 11:19;CPN01PAP;User B;Microsoft Windows 11 Pro;4096;3600;192.168.10.192;72:ae:c0:43:a5:fc;Dell;v584;124456
VENDAS;23/11/2023 11:19;CPN00PSR;User A;Microsoft Windows 7 Home Basic;4096;3100;192.168.13.193;d7:89:8d:8b:31:7c;HP;v585;124670
PECAS;23/11/2023 11:19;CPN12JNES;User A;Microsoft Windows 10 Pro;4096;2304;192.168.13.194;94:e6:73:d9:ee:2d;Lenovo;v586;124883
;23/11/2023 11:19;DESKTOP-JFHAU;User B;Microsoft Windows 10 Home Single Language;6144;3300;192.168.13.200;64:ed:e5:b3:05:78;Dell;v587;125096
PEÇAS;23/11/2023 11:20;CPN01PPE;User C;Microsoft Windows 10 Pro;6144;3300;192.168.13.201;3f:0d:25:d6:d2:e9;HP;v588;125309
CAIXA;23/11/2023 11:20;CPN11PAD;User A;Microsoft Windows 10 Pro;4096;3912;192.168.14.50;e4:52:9a:7f:28:78;Lenovo;v589;125523
OFICINA;23/11/2023 11:21;CPN14NPV;User B;Microsoft Windows 10 Pro;4096;2304;192.168.10.51;99:2d:24:e9:f9:f7;Dell;v590;125736
PEÇAS;23/11/2023 11:22;CPN04JPVP;User C;Microsoft Windows 11 Pro;4096;3600;192.168.10.52;b7:f5:53:06:83:76;HP;v591;125949
CAIXA;23/11/2023 11:22;CPN12PAD;User A;Microsoft Windows 10 Pro;4096;3600;192.168.14.53;f7:98:f8:99:e7:61;Lenovo;v592;126163
OFICINA;23/11/2023 11:22;CPN11NPV;User B;Microsoft Windows 10 Home Single Language;4096;2201;192.168.10.54;0d:bd:fa:e8:27:af;Dell;v593;126376
VENDAS;23/11/2023 11:22;CPN11PSR;User C;Microsoft Windows 10 Home Single Language;4096;3600;192.168.10.55;e9:22:e2:4f:61:a1;HP;v594;126589
PEÇAS;23/11/2023 11:22;CPN00PPE;User A;Microsoft Windows 10 Pro;4096;3600;192.168.14.56;d6:32:a2:2e:73:55;Lenovo;v595;126803
FINANCEIRO;23/11/2023 11:23;CPN00PFN;User B;Microsoft Windows 10 Pro;4096;3600;192.168.10.57;93:77:3d:01:7c:ba;Dell;v596;127016
RECEPÇÃO;23/11/2023 11:23;CPN00PCT;User A;Microsoft Windows 8.1 Single Language;6144;3300;192.168.14.58;33:37:e1:86:1b:16;HP;v597;127229
CONSULTOR TECNICO;23/11/2023 11:23;CPN14PCT;User A;Microsoft Windows 11 Pro;4096;2808;192.168.14.59;8f:f0:9a:3e:9c:a2;Lenovo;v598;127442
OFICINA;23/11/2023 11:23;CPN06PPV;User B;Microsoft Windows 7 Home Basic;3072;2693;192.168.10.60;98:d2:91:98:f5:41;Dell;v599;127656
SEGUROS;23/11/2023 11:24;CPN00PSG;User C;Microsoft Windows 8 Pro;4096;3100;192.168.10.61;fe:13:e7:1b:d2:7e;HP;v600;127869
VENDAS;23/11/2023 11:24;CPN02PSR;User A;Microsoft Windows 8 Pro;6144;3300;192.168.14.62;0c:a4:c6:ce:5d:71;Lenovo;v601;128082
Ecommerce;23/11/2023 11:24;CPN00NPE;User B;Microsoft Windows 10 Pro;4096;2304;192.168.10.63;14:30:af:37:06:ef;Dell;v602;128296
GARANTIA;23/11/2023 11:24;CPN04PPV;User C;Microsoft Windows 10 Pro;4096;3912;192.168.10.64;d6:44:b9:ec:46:46;HP;v603;128509
CAIXA;23/11/2023 11:24;CPN01PAD;User A;Microsoft Windows 8.1 Pro;3061;2593;192.168.14.65;06:25:77:b1:1a:e9;Lenovo;v604;128722
PEÇAS;23/11/2023 11:24;CPN00PPE;User B;Microsoft Windows 10 Pro;4096;3600;192.168.10.66;fa:bc:cc:8c:ed:6e;Dell;v605;128936
VENDEDOR EXTERNO;23/11/2023 11:24;CPN00NPE;User A;Microsoft Windows 11 Pro;4096;1200;192.168.14.67;a2:b8:3c:5d:c1:dc;HP;v606;129149
